architecture_name,summary,run_number,epoch,training_acc,training_f1,training_loss,val_acc,val_f1,val_loss,vocab_size,embedding_dim,epochs,batch_size,lemmatize,stem,remove_stopwords,custom_stopwords,padding,selection_metric,f1_type,use_sample_weights,early_stopping,early_stopping_patience
SimpleRNN,"{'name': 'sequential_1', 'trainable': True, 'dtype': 'float32', 'layers': [{'module': 'keras.layers', 'class_name': 'InputLayer', 'config': {'batch_shape': (None, 45), 'dtype': 'float32', 'sparse': False, 'name': 'input_layer'}, 'registered_name': None}, {'module': 'keras.layers', 'class_name': 'Embedding', 'config': {'name': 'embedding', 'trainable': True, 'dtype': 'float32', 'input_dim': 501, 'output_dim': 512, 'embeddings_initializer': {'module': 'keras.initializers', 'class_name': 'RandomUniform', 'config': {'minval': -0.05, 'maxval': 0.05, 'seed': None}, 'registered_name': None}, 'embeddings_regularizer': None, 'activity_regularizer': None, 'embeddings_constraint': None, 'mask_zero': False}, 'registered_name': None, 'build_config': {'input_shape': (None, 45)}}, {'module': 'keras.layers', 'class_name': 'SimpleRNN', 'config': {'name': 'simple_rnn', 'trainable': True, 'dtype': 'float32', 'return_sequences': True, 'return_state': False, 'go_backwards': False, 'stateful': False, 'unroll': False, 'zero_output_for_mask': False, 'units': 128, 'activation': 'tanh', 'use_bias': True, 'kernel_initializer': {'module': 'keras.initializers', 'class_name': 'GlorotUniform', 'config': {'seed': None}, 'registered_name': None}, 'recurrent_initializer': {'module': 'keras.initializers', 'class_name': 'OrthogonalInitializer', 'config': {'gain': 1.0, 'seed': None}, 'registered_name': None}, 'bias_initializer': {'module': 'keras.initializers', 'class_name': 'Zeros', 'config': {}, 'registered_name': None}, 'kernel_regularizer': None, 'recurrent_regularizer': None, 'bias_regularizer': None, 'activity_regularizer': None, 'kernel_constraint': None, 'recurrent_constraint': None, 'bias_constraint': None, 'dropout': 0.0, 'recurrent_dropout': 0.0}, 'registered_name': None, 'build_config': {'input_shape': (None, 45, 512)}}, {'module': 'keras.layers', 'class_name': 'TimeDistributed', 'config': {'name': 'time_distributed', 'trainable': True, 'dtype': 'float32', 'layer': {'module': 'keras.layers', 'class_name': 'Dense', 'config': {'name': 'dense', 'trainable': True, 'dtype': 'float32', 'units': 120, 'activation': 'softmax', 'use_bias': True, 'kernel_initializer': {'module': 'keras.initializers', 'class_name': 'GlorotUniform', 'config': {'seed': None}, 'registered_name': None}, 'bias_initializer': {'module': 'keras.initializers', 'class_name': 'Zeros', 'config': {}, 'registered_name': None}, 'kernel_regularizer': None, 'bias_regularizer': None, 'kernel_constraint': None, 'bias_constraint': None}, 'registered_name': None, 'build_config': {'input_shape': (None, 128)}}}, 'registered_name': None, 'build_config': {'input_shape': (None, 45, 128)}}], 'build_input_shape': (None, 45)}",1,1,0.4055365025997162,1.0843164091056678e-05,4.32650899887085,0.8097361922264099,0.00014337945322040468,2.9901177883148193,500,512,3,32,False,False,False,,pre,accuracy,macro,True,True,5
SimpleRNN,"{'name': 'sequential_1', 'trainable': True, 'dtype': 'float32', 'layers': [{'module': 'keras.layers', 'class_name': 'InputLayer', 'config': {'batch_shape': (None, 45), 'dtype': 'float32', 'sparse': False, 'name': 'input_layer'}, 'registered_name': None}, {'module': 'keras.layers', 'class_name': 'Embedding', 'config': {'name': 'embedding', 'trainable': True, 'dtype': 'float32', 'input_dim': 501, 'output_dim': 512, 'embeddings_initializer': {'module': 'keras.initializers', 'class_name': 'RandomUniform', 'config': {'minval': -0.05, 'maxval': 0.05, 'seed': None}, 'registered_name': None}, 'embeddings_regularizer': None, 'activity_regularizer': None, 'embeddings_constraint': None, 'mask_zero': False}, 'registered_name': None, 'build_config': {'input_shape': (None, 45)}}, {'module': 'keras.layers', 'class_name': 'SimpleRNN', 'config': {'name': 'simple_rnn', 'trainable': True, 'dtype': 'float32', 'return_sequences': True, 'return_state': False, 'go_backwards': False, 'stateful': False, 'unroll': False, 'zero_output_for_mask': False, 'units': 128, 'activation': 'tanh', 'use_bias': True, 'kernel_initializer': {'module': 'keras.initializers', 'class_name': 'GlorotUniform', 'config': {'seed': None}, 'registered_name': None}, 'recurrent_initializer': {'module': 'keras.initializers', 'class_name': 'OrthogonalInitializer', 'config': {'gain': 1.0, 'seed': None}, 'registered_name': None}, 'bias_initializer': {'module': 'keras.initializers', 'class_name': 'Zeros', 'config': {}, 'registered_name': None}, 'kernel_regularizer': None, 'recurrent_regularizer': None, 'bias_regularizer': None, 'activity_regularizer': None, 'kernel_constraint': None, 'recurrent_constraint': None, 'bias_constraint': None, 'dropout': 0.0, 'recurrent_dropout': 0.0}, 'registered_name': None, 'build_config': {'input_shape': (None, 45, 512)}}, {'module': 'keras.layers', 'class_name': 'TimeDistributed', 'config': {'name': 'time_distributed', 'trainable': True, 'dtype': 'float32', 'layer': {'module': 'keras.layers', 'class_name': 'Dense', 'config': {'name': 'dense', 'trainable': True, 'dtype': 'float32', 'units': 120, 'activation': 'softmax', 'use_bias': True, 'kernel_initializer': {'module': 'keras.initializers', 'class_name': 'GlorotUniform', 'config': {'seed': None}, 'registered_name': None}, 'bias_initializer': {'module': 'keras.initializers', 'class_name': 'Zeros', 'config': {}, 'registered_name': None}, 'kernel_regularizer': None, 'bias_regularizer': None, 'kernel_constraint': None, 'bias_constraint': None}, 'registered_name': None, 'build_config': {'input_shape': (None, 128)}}}, 'registered_name': None, 'build_config': {'input_shape': (None, 45, 128)}}], 'build_input_shape': (None, 45)}",1,2,0.820968747138977,0.02170441299676895,2.6894896030426025,0.8321565985679626,0.029150309041142464,1.5447403192520142,500,512,3,32,False,False,False,,pre,accuracy,macro,True,True,5
SimpleRNN,"{'name': 'sequential_1', 'trainable': True, 'dtype': 'float32', 'layers': [{'module': 'keras.layers', 'class_name': 'InputLayer', 'config': {'batch_shape': (None, 45), 'dtype': 'float32', 'sparse': False, 'name': 'input_layer'}, 'registered_name': None}, {'module': 'keras.layers', 'class_name': 'Embedding', 'config': {'name': 'embedding', 'trainable': True, 'dtype': 'float32', 'input_dim': 501, 'output_dim': 512, 'embeddings_initializer': {'module': 'keras.initializers', 'class_name': 'RandomUniform', 'config': {'minval': -0.05, 'maxval': 0.05, 'seed': None}, 'registered_name': None}, 'embeddings_regularizer': None, 'activity_regularizer': None, 'embeddings_constraint': None, 'mask_zero': False}, 'registered_name': None, 'build_config': {'input_shape': (None, 45)}}, {'module': 'keras.layers', 'class_name': 'SimpleRNN', 'config': {'name': 'simple_rnn', 'trainable': True, 'dtype': 'float32', 'return_sequences': True, 'return_state': False, 'go_backwards': False, 'stateful': False, 'unroll': False, 'zero_output_for_mask': False, 'units': 128, 'activation': 'tanh', 'use_bias': True, 'kernel_initializer': {'module': 'keras.initializers', 'class_name': 'GlorotUniform', 'config': {'seed': None}, 'registered_name': None}, 'recurrent_initializer': {'module': 'keras.initializers', 'class_name': 'OrthogonalInitializer', 'config': {'gain': 1.0, 'seed': None}, 'registered_name': None}, 'bias_initializer': {'module': 'keras.initializers', 'class_name': 'Zeros', 'config': {}, 'registered_name': None}, 'kernel_regularizer': None, 'recurrent_regularizer': None, 'bias_regularizer': None, 'activity_regularizer': None, 'kernel_constraint': None, 'recurrent_constraint': None, 'bias_constraint': None, 'dropout': 0.0, 'recurrent_dropout': 0.0}, 'registered_name': None, 'build_config': {'input_shape': (None, 45, 512)}}, {'module': 'keras.layers', 'class_name': 'TimeDistributed', 'config': {'name': 'time_distributed', 'trainable': True, 'dtype': 'float32', 'layer': {'module': 'keras.layers', 'class_name': 'Dense', 'config': {'name': 'dense', 'trainable': True, 'dtype': 'float32', 'units': 120, 'activation': 'softmax', 'use_bias': True, 'kernel_initializer': {'module': 'keras.initializers', 'class_name': 'GlorotUniform', 'config': {'seed': None}, 'registered_name': None}, 'bias_initializer': {'module': 'keras.initializers', 'class_name': 'Zeros', 'config': {}, 'registered_name': None}, 'kernel_regularizer': None, 'bias_regularizer': None, 'kernel_constraint': None, 'bias_constraint': None}, 'registered_name': None, 'build_config': {'input_shape': (None, 128)}}}, 'registered_name': None, 'build_config': {'input_shape': (None, 45, 128)}}], 'build_input_shape': (None, 45)}",1,3,0.8493379950523376,0.47145527601242065,1.4389866590499878,0.866022527217865,0.8542885780334473,1.10317063331604,500,512,3,32,False,False,False,,pre,accuracy,macro,True,True,5
SimpleRNN,"{'name': 'sequential_2', 'trainable': True, 'dtype': 'float32', 'layers': [{'module': 'keras.layers', 'class_name': 'InputLayer', 'config': {'batch_shape': (None, 45), 'dtype': 'float32', 'sparse': False, 'name': 'input_layer_1'}, 'registered_name': None}, {'module': 'keras.layers', 'class_name': 'Embedding', 'config': {'name': 'embedding_1', 'trainable': True, 'dtype': 'float32', 'input_dim': 501, 'output_dim': 512, 'embeddings_initializer': {'module': 'keras.initializers', 'class_name': 'RandomUniform', 'config': {'minval': -0.05, 'maxval': 0.05, 'seed': None}, 'registered_name': None}, 'embeddings_regularizer': None, 'activity_regularizer': None, 'embeddings_constraint': None, 'mask_zero': False}, 'registered_name': None, 'build_config': {'input_shape': (None, 45)}}, {'module': 'keras.layers', 'class_name': 'SimpleRNN', 'config': {'name': 'simple_rnn', 'trainable': True, 'dtype': 'float32', 'return_sequences': True, 'return_state': False, 'go_backwards': False, 'stateful': False, 'unroll': False, 'zero_output_for_mask': False, 'units': 128, 'activation': 'tanh', 'use_bias': True, 'kernel_initializer': {'module': 'keras.initializers', 'class_name': 'GlorotUniform', 'config': {'seed': None}, 'registered_name': None}, 'recurrent_initializer': {'module': 'keras.initializers', 'class_name': 'OrthogonalInitializer', 'config': {'gain': 1.0, 'seed': None}, 'registered_name': None}, 'bias_initializer': {'module': 'keras.initializers', 'class_name': 'Zeros', 'config': {}, 'registered_name': None}, 'kernel_regularizer': None, 'recurrent_regularizer': None, 'bias_regularizer': None, 'activity_regularizer': None, 'kernel_constraint': None, 'recurrent_constraint': None, 'bias_constraint': None, 'dropout': 0.0, 'recurrent_dropout': 0.0}, 'registered_name': None, 'build_config': {'input_shape': (None, 45, 512)}}, {'module': 'keras.layers', 'class_name': 'TimeDistributed', 'config': {'name': 'time_distributed_1', 'trainable': True, 'dtype': 'float32', 'layer': {'module': 'keras.layers', 'class_name': 'Dense', 'config': {'name': 'dense_1', 'trainable': True, 'dtype': 'float32', 'units': 120, 'activation': 'softmax', 'use_bias': True, 'kernel_initializer': {'module': 'keras.initializers', 'class_name': 'GlorotUniform', 'config': {'seed': None}, 'registered_name': None}, 'bias_initializer': {'module': 'keras.initializers', 'class_name': 'Zeros', 'config': {}, 'registered_name': None}, 'kernel_regularizer': None, 'bias_regularizer': None, 'kernel_constraint': None, 'bias_constraint': None}, 'registered_name': None, 'build_config': {'input_shape': (None, 128)}}}, 'registered_name': None, 'build_config': {'input_shape': (None, 45, 128)}}], 'build_input_shape': (None, 45)}",2,1,0.6496050357818604,0.0002769947750493884,4.258371353149414,0.8123621940612793,0.002437750343233347,2.2992537021636963,500,512,3,32,False,False,False,,pre,accuracy,macro,True,True,5
SimpleRNN,"{'name': 'sequential_2', 'trainable': True, 'dtype': 'float32', 'layers': [{'module': 'keras.layers', 'class_name': 'InputLayer', 'config': {'batch_shape': (None, 45), 'dtype': 'float32', 'sparse': False, 'name': 'input_layer_1'}, 'registered_name': None}, {'module': 'keras.layers', 'class_name': 'Embedding', 'config': {'name': 'embedding_1', 'trainable': True, 'dtype': 'float32', 'input_dim': 501, 'output_dim': 512, 'embeddings_initializer': {'module': 'keras.initializers', 'class_name': 'RandomUniform', 'config': {'minval': -0.05, 'maxval': 0.05, 'seed': None}, 'registered_name': None}, 'embeddings_regularizer': None, 'activity_regularizer': None, 'embeddings_constraint': None, 'mask_zero': False}, 'registered_name': None, 'build_config': {'input_shape': (None, 45)}}, {'module': 'keras.layers', 'class_name': 'SimpleRNN', 'config': {'name': 'simple_rnn', 'trainable': True, 'dtype': 'float32', 'return_sequences': True, 'return_state': False, 'go_backwards': False, 'stateful': False, 'unroll': False, 'zero_output_for_mask': False, 'units': 128, 'activation': 'tanh', 'use_bias': True, 'kernel_initializer': {'module': 'keras.initializers', 'class_name': 'GlorotUniform', 'config': {'seed': None}, 'registered_name': None}, 'recurrent_initializer': {'module': 'keras.initializers', 'class_name': 'OrthogonalInitializer', 'config': {'gain': 1.0, 'seed': None}, 'registered_name': None}, 'bias_initializer': {'module': 'keras.initializers', 'class_name': 'Zeros', 'config': {}, 'registered_name': None}, 'kernel_regularizer': None, 'recurrent_regularizer': None, 'bias_regularizer': None, 'activity_regularizer': None, 'kernel_constraint': None, 'recurrent_constraint': None, 'bias_constraint': None, 'dropout': 0.0, 'recurrent_dropout': 0.0}, 'registered_name': None, 'build_config': {'input_shape': (None, 45, 512)}}, {'module': 'keras.layers', 'class_name': 'TimeDistributed', 'config': {'name': 'time_distributed_1', 'trainable': True, 'dtype': 'float32', 'layer': {'module': 'keras.layers', 'class_name': 'Dense', 'config': {'name': 'dense_1', 'trainable': True, 'dtype': 'float32', 'units': 120, 'activation': 'softmax', 'use_bias': True, 'kernel_initializer': {'module': 'keras.initializers', 'class_name': 'GlorotUniform', 'config': {'seed': None}, 'registered_name': None}, 'bias_initializer': {'module': 'keras.initializers', 'class_name': 'Zeros', 'config': {}, 'registered_name': None}, 'kernel_regularizer': None, 'bias_regularizer': None, 'kernel_constraint': None, 'bias_constraint': None}, 'registered_name': None, 'build_config': {'input_shape': (None, 128)}}}, 'registered_name': None, 'build_config': {'input_shape': (None, 45, 128)}}], 'build_input_shape': (None, 45)}",2,2,0.8206308484077454,0.07113803923130035,2.5232491493225098,0.8235847353935242,0.15729767084121704,1.5853736400604248,500,512,3,32,False,False,False,,pre,accuracy,macro,True,True,5
SimpleRNN,"{'name': 'sequential_2', 'trainable': True, 'dtype': 'float32', 'layers': [{'module': 'keras.layers', 'class_name': 'InputLayer', 'config': {'batch_shape': (None, 45), 'dtype': 'float32', 'sparse': False, 'name': 'input_layer_1'}, 'registered_name': None}, {'module': 'keras.layers', 'class_name': 'Embedding', 'config': {'name': 'embedding_1', 'trainable': True, 'dtype': 'float32', 'input_dim': 501, 'output_dim': 512, 'embeddings_initializer': {'module': 'keras.initializers', 'class_name': 'RandomUniform', 'config': {'minval': -0.05, 'maxval': 0.05, 'seed': None}, 'registered_name': None}, 'embeddings_regularizer': None, 'activity_regularizer': None, 'embeddings_constraint': None, 'mask_zero': False}, 'registered_name': None, 'build_config': {'input_shape': (None, 45)}}, {'module': 'keras.layers', 'class_name': 'SimpleRNN', 'config': {'name': 'simple_rnn', 'trainable': True, 'dtype': 'float32', 'return_sequences': True, 'return_state': False, 'go_backwards': False, 'stateful': False, 'unroll': False, 'zero_output_for_mask': False, 'units': 128, 'activation': 'tanh', 'use_bias': True, 'kernel_initializer': {'module': 'keras.initializers', 'class_name': 'GlorotUniform', 'config': {'seed': None}, 'registered_name': None}, 'recurrent_initializer': {'module': 'keras.initializers', 'class_name': 'OrthogonalInitializer', 'config': {'gain': 1.0, 'seed': None}, 'registered_name': None}, 'bias_initializer': {'module': 'keras.initializers', 'class_name': 'Zeros', 'config': {}, 'registered_name': None}, 'kernel_regularizer': None, 'recurrent_regularizer': None, 'bias_regularizer': None, 'activity_regularizer': None, 'kernel_constraint': None, 'recurrent_constraint': None, 'bias_constraint': None, 'dropout': 0.0, 'recurrent_dropout': 0.0}, 'registered_name': None, 'build_config': {'input_shape': (None, 45, 512)}}, {'module': 'keras.layers', 'class_name': 'TimeDistributed', 'config': {'name': 'time_distributed_1', 'trainable': True, 'dtype': 'float32', 'layer': {'module': 'keras.layers', 'class_name': 'Dense', 'config': {'name': 'dense_1', 'trainable': True, 'dtype': 'float32', 'units': 120, 'activation': 'softmax', 'use_bias': True, 'kernel_initializer': {'module': 'keras.initializers', 'class_name': 'GlorotUniform', 'config': {'seed': None}, 'registered_name': None}, 'bias_initializer': {'module': 'keras.initializers', 'class_name': 'Zeros', 'config': {}, 'registered_name': None}, 'kernel_regularizer': None, 'bias_regularizer': None, 'kernel_constraint': None, 'bias_constraint': None}, 'registered_name': None, 'build_config': {'input_shape': (None, 128)}}}, 'registered_name': None, 'build_config': {'input_shape': (None, 45, 128)}}], 'build_input_shape': (None, 45)}",2,3,0.8381398916244507,0.5380908846855164,1.3517016172409058,0.8476402163505554,0.8517408967018127,1.0506953001022339,500,512,3,32,False,False,False,,pre,accuracy,macro,True,True,5
SimpleRNN,"{'name': 'sequential_3', 'trainable': True, 'dtype': 'float32', 'layers': [{'module': 'keras.layers', 'class_name': 'InputLayer', 'config': {'batch_shape': (None, 45), 'dtype': 'float32', 'sparse': False, 'name': 'input_layer_2'}, 'registered_name': None}, {'module': 'keras.layers', 'class_name': 'Embedding', 'config': {'name': 'embedding_2', 'trainable': True, 'dtype': 'float32', 'input_dim': 501, 'output_dim': 512, 'embeddings_initializer': {'module': 'keras.initializers', 'class_name': 'RandomUniform', 'config': {'minval': -0.05, 'maxval': 0.05, 'seed': None}, 'registered_name': None}, 'embeddings_regularizer': None, 'activity_regularizer': None, 'embeddings_constraint': None, 'mask_zero': False}, 'registered_name': None, 'build_config': {'input_shape': (None, 45)}}, {'module': 'keras.layers', 'class_name': 'SimpleRNN', 'config': {'name': 'simple_rnn', 'trainable': True, 'dtype': 'float32', 'return_sequences': True, 'return_state': False, 'go_backwards': False, 'stateful': False, 'unroll': False, 'zero_output_for_mask': False, 'units': 128, 'activation': 'tanh', 'use_bias': True, 'kernel_initializer': {'module': 'keras.initializers', 'class_name': 'GlorotUniform', 'config': {'seed': None}, 'registered_name': None}, 'recurrent_initializer': {'module': 'keras.initializers', 'class_name': 'OrthogonalInitializer', 'config': {'gain': 1.0, 'seed': None}, 'registered_name': None}, 'bias_initializer': {'module': 'keras.initializers', 'class_name': 'Zeros', 'config': {}, 'registered_name': None}, 'kernel_regularizer': None, 'recurrent_regularizer': None, 'bias_regularizer': None, 'activity_regularizer': None, 'kernel_constraint': None, 'recurrent_constraint': None, 'bias_constraint': None, 'dropout': 0.0, 'recurrent_dropout': 0.0}, 'registered_name': None, 'build_config': {'input_shape': (None, 45, 512)}}, {'module': 'keras.layers', 'class_name': 'TimeDistributed', 'config': {'name': 'time_distributed_2', 'trainable': True, 'dtype': 'float32', 'layer': {'module': 'keras.layers', 'class_name': 'Dense', 'config': {'name': 'dense_2', 'trainable': True, 'dtype': 'float32', 'units': 120, 'activation': 'softmax', 'use_bias': True, 'kernel_initializer': {'module': 'keras.initializers', 'class_name': 'GlorotUniform', 'config': {'seed': None}, 'registered_name': None}, 'bias_initializer': {'module': 'keras.initializers', 'class_name': 'Zeros', 'config': {}, 'registered_name': None}, 'kernel_regularizer': None, 'bias_regularizer': None, 'kernel_constraint': None, 'bias_constraint': None}, 'registered_name': None, 'build_config': {'input_shape': (None, 128)}}}, 'registered_name': None, 'build_config': {'input_shape': (None, 45, 128)}}], 'build_input_shape': (None, 45)}",3,1,0.43109363317489624,6.811989442212507e-05,4.314498424530029,0.8018579483032227,0.0006219079368747771,2.817641496658325,500,512,3,32,False,False,False,,pre,accuracy,macro,True,True,5
SimpleRNN,"{'name': 'sequential_3', 'trainable': True, 'dtype': 'float32', 'layers': [{'module': 'keras.layers', 'class_name': 'InputLayer', 'config': {'batch_shape': (None, 45), 'dtype': 'float32', 'sparse': False, 'name': 'input_layer_2'}, 'registered_name': None}, {'module': 'keras.layers', 'class_name': 'Embedding', 'config': {'name': 'embedding_2', 'trainable': True, 'dtype': 'float32', 'input_dim': 501, 'output_dim': 512, 'embeddings_initializer': {'module': 'keras.initializers', 'class_name': 'RandomUniform', 'config': {'minval': -0.05, 'maxval': 0.05, 'seed': None}, 'registered_name': None}, 'embeddings_regularizer': None, 'activity_regularizer': None, 'embeddings_constraint': None, 'mask_zero': False}, 'registered_name': None, 'build_config': {'input_shape': (None, 45)}}, {'module': 'keras.layers', 'class_name': 'SimpleRNN', 'config': {'name': 'simple_rnn', 'trainable': True, 'dtype': 'float32', 'return_sequences': True, 'return_state': False, 'go_backwards': False, 'stateful': False, 'unroll': False, 'zero_output_for_mask': False, 'units': 128, 'activation': 'tanh', 'use_bias': True, 'kernel_initializer': {'module': 'keras.initializers', 'class_name': 'GlorotUniform', 'config': {'seed': None}, 'registered_name': None}, 'recurrent_initializer': {'module': 'keras.initializers', 'class_name': 'OrthogonalInitializer', 'config': {'gain': 1.0, 'seed': None}, 'registered_name': None}, 'bias_initializer': {'module': 'keras.initializers', 'class_name': 'Zeros', 'config': {}, 'registered_name': None}, 'kernel_regularizer': None, 'recurrent_regularizer': None, 'bias_regularizer': None, 'activity_regularizer': None, 'kernel_constraint': None, 'recurrent_constraint': None, 'bias_constraint': None, 'dropout': 0.0, 'recurrent_dropout': 0.0}, 'registered_name': None, 'build_config': {'input_shape': (None, 45, 512)}}, {'module': 'keras.layers', 'class_name': 'TimeDistributed', 'config': {'name': 'time_distributed_2', 'trainable': True, 'dtype': 'float32', 'layer': {'module': 'keras.layers', 'class_name': 'Dense', 'config': {'name': 'dense_2', 'trainable': True, 'dtype': 'float32', 'units': 120, 'activation': 'softmax', 'use_bias': True, 'kernel_initializer': {'module': 'keras.initializers', 'class_name': 'GlorotUniform', 'config': {'seed': None}, 'registered_name': None}, 'bias_initializer': {'module': 'keras.initializers', 'class_name': 'Zeros', 'config': {}, 'registered_name': None}, 'kernel_regularizer': None, 'bias_regularizer': None, 'kernel_constraint': None, 'bias_constraint': None}, 'registered_name': None, 'build_config': {'input_shape': (None, 128)}}}, 'registered_name': None, 'build_config': {'input_shape': (None, 45, 128)}}], 'build_input_shape': (None, 45)}",3,2,0.8198844790458679,0.016682716086506844,2.70383620262146,0.8297533988952637,0.07897832989692688,1.7250726222991943,500,512,3,32,False,False,False,,pre,accuracy,macro,True,True,5
SimpleRNN,"{'name': 'sequential_3', 'trainable': True, 'dtype': 'float32', 'layers': [{'module': 'keras.layers', 'class_name': 'InputLayer', 'config': {'batch_shape': (None, 45), 'dtype': 'float32', 'sparse': False, 'name': 'input_layer_2'}, 'registered_name': None}, {'module': 'keras.layers', 'class_name': 'Embedding', 'config': {'name': 'embedding_2', 'trainable': True, 'dtype': 'float32', 'input_dim': 501, 'output_dim': 512, 'embeddings_initializer': {'module': 'keras.initializers', 'class_name': 'RandomUniform', 'config': {'minval': -0.05, 'maxval': 0.05, 'seed': None}, 'registered_name': None}, 'embeddings_regularizer': None, 'activity_regularizer': None, 'embeddings_constraint': None, 'mask_zero': False}, 'registered_name': None, 'build_config': {'input_shape': (None, 45)}}, {'module': 'keras.layers', 'class_name': 'SimpleRNN', 'config': {'name': 'simple_rnn', 'trainable': True, 'dtype': 'float32', 'return_sequences': True, 'return_state': False, 'go_backwards': False, 'stateful': False, 'unroll': False, 'zero_output_for_mask': False, 'units': 128, 'activation': 'tanh', 'use_bias': True, 'kernel_initializer': {'module': 'keras.initializers', 'class_name': 'GlorotUniform', 'config': {'seed': None}, 'registered_name': None}, 'recurrent_initializer': {'module': 'keras.initializers', 'class_name': 'OrthogonalInitializer', 'config': {'gain': 1.0, 'seed': None}, 'registered_name': None}, 'bias_initializer': {'module': 'keras.initializers', 'class_name': 'Zeros', 'config': {}, 'registered_name': None}, 'kernel_regularizer': None, 'recurrent_regularizer': None, 'bias_regularizer': None, 'activity_regularizer': None, 'kernel_constraint': None, 'recurrent_constraint': None, 'bias_constraint': None, 'dropout': 0.0, 'recurrent_dropout': 0.0}, 'registered_name': None, 'build_config': {'input_shape': (None, 45, 512)}}, {'module': 'keras.layers', 'class_name': 'TimeDistributed', 'config': {'name': 'time_distributed_2', 'trainable': True, 'dtype': 'float32', 'layer': {'module': 'keras.layers', 'class_name': 'Dense', 'config': {'name': 'dense_2', 'trainable': True, 'dtype': 'float32', 'units': 120, 'activation': 'softmax', 'use_bias': True, 'kernel_initializer': {'module': 'keras.initializers', 'class_name': 'GlorotUniform', 'config': {'seed': None}, 'registered_name': None}, 'bias_initializer': {'module': 'keras.initializers', 'class_name': 'Zeros', 'config': {}, 'registered_name': None}, 'kernel_regularizer': None, 'bias_regularizer': None, 'kernel_constraint': None, 'bias_constraint': None}, 'registered_name': None, 'build_config': {'input_shape': (None, 128)}}}, 'registered_name': None, 'build_config': {'input_shape': (None, 45, 128)}}], 'build_input_shape': (None, 45)}",3,3,0.8375130295753479,0.42769187688827515,1.4455264806747437,0.8383499979972839,0.8509781360626221,1.0711432695388794,500,512,3,32,False,False,False,,pre,accuracy,macro,True,True,5
SimpleRNN,"{'name': 'sequential_4', 'trainable': True, 'dtype': 'float32', 'layers': [{'module': 'keras.layers', 'class_name': 'InputLayer', 'config': {'batch_shape': (None, 45), 'dtype': 'float32', 'sparse': False, 'name': 'input_layer_3'}, 'registered_name': None}, {'module': 'keras.layers', 'class_name': 'Embedding', 'config': {'name': 'embedding_3', 'trainable': True, 'dtype': 'float32', 'input_dim': 501, 'output_dim': 512, 'embeddings_initializer': {'module': 'keras.initializers', 'class_name': 'RandomUniform', 'config': {'minval': -0.05, 'maxval': 0.05, 'seed': None}, 'registered_name': None}, 'embeddings_regularizer': None, 'activity_regularizer': None, 'embeddings_constraint': None, 'mask_zero': False}, 'registered_name': None, 'build_config': {'input_shape': (None, 45)}}, {'module': 'keras.layers', 'class_name': 'SimpleRNN', 'config': {'name': 'simple_rnn', 'trainable': True, 'dtype': 'float32', 'return_sequences': True, 'return_state': False, 'go_backwards': False, 'stateful': False, 'unroll': False, 'zero_output_for_mask': False, 'units': 128, 'activation': 'tanh', 'use_bias': True, 'kernel_initializer': {'module': 'keras.initializers', 'class_name': 'GlorotUniform', 'config': {'seed': None}, 'registered_name': None}, 'recurrent_initializer': {'module': 'keras.initializers', 'class_name': 'OrthogonalInitializer', 'config': {'gain': 1.0, 'seed': None}, 'registered_name': None}, 'bias_initializer': {'module': 'keras.initializers', 'class_name': 'Zeros', 'config': {}, 'registered_name': None}, 'kernel_regularizer': None, 'recurrent_regularizer': None, 'bias_regularizer': None, 'activity_regularizer': None, 'kernel_constraint': None, 'recurrent_constraint': None, 'bias_constraint': None, 'dropout': 0.0, 'recurrent_dropout': 0.0}, 'registered_name': None, 'build_config': {'input_shape': (None, 45, 512)}}, {'module': 'keras.layers', 'class_name': 'TimeDistributed', 'config': {'name': 'time_distributed_3', 'trainable': True, 'dtype': 'float32', 'layer': {'module': 'keras.layers', 'class_name': 'Dense', 'config': {'name': 'dense_3', 'trainable': True, 'dtype': 'float32', 'units': 120, 'activation': 'softmax', 'use_bias': True, 'kernel_initializer': {'module': 'keras.initializers', 'class_name': 'GlorotUniform', 'config': {'seed': None}, 'registered_name': None}, 'bias_initializer': {'module': 'keras.initializers', 'class_name': 'Zeros', 'config': {}, 'registered_name': None}, 'kernel_regularizer': None, 'bias_regularizer': None, 'kernel_constraint': None, 'bias_constraint': None}, 'registered_name': None, 'build_config': {'input_shape': (None, 128)}}}, 'registered_name': None, 'build_config': {'input_shape': (None, 45, 128)}}], 'build_input_shape': (None, 45)}",4,1,0.6017003655433655,8.668518421472982e-05,4.300482273101807,0.811643660068512,0.0005741147906519473,2.480090856552124,500,512,3,32,False,False,False,,pre,accuracy,macro,True,True,5
SimpleRNN,"{'name': 'sequential_4', 'trainable': True, 'dtype': 'float32', 'layers': [{'module': 'keras.layers', 'class_name': 'InputLayer', 'config': {'batch_shape': (None, 45), 'dtype': 'float32', 'sparse': False, 'name': 'input_layer_3'}, 'registered_name': None}, {'module': 'keras.layers', 'class_name': 'Embedding', 'config': {'name': 'embedding_3', 'trainable': True, 'dtype': 'float32', 'input_dim': 501, 'output_dim': 512, 'embeddings_initializer': {'module': 'keras.initializers', 'class_name': 'RandomUniform', 'config': {'minval': -0.05, 'maxval': 0.05, 'seed': None}, 'registered_name': None}, 'embeddings_regularizer': None, 'activity_regularizer': None, 'embeddings_constraint': None, 'mask_zero': False}, 'registered_name': None, 'build_config': {'input_shape': (None, 45)}}, {'module': 'keras.layers', 'class_name': 'SimpleRNN', 'config': {'name': 'simple_rnn', 'trainable': True, 'dtype': 'float32', 'return_sequences': True, 'return_state': False, 'go_backwards': False, 'stateful': False, 'unroll': False, 'zero_output_for_mask': False, 'units': 128, 'activation': 'tanh', 'use_bias': True, 'kernel_initializer': {'module': 'keras.initializers', 'class_name': 'GlorotUniform', 'config': {'seed': None}, 'registered_name': None}, 'recurrent_initializer': {'module': 'keras.initializers', 'class_name': 'OrthogonalInitializer', 'config': {'gain': 1.0, 'seed': None}, 'registered_name': None}, 'bias_initializer': {'module': 'keras.initializers', 'class_name': 'Zeros', 'config': {}, 'registered_name': None}, 'kernel_regularizer': None, 'recurrent_regularizer': None, 'bias_regularizer': None, 'activity_regularizer': None, 'kernel_constraint': None, 'recurrent_constraint': None, 'bias_constraint': None, 'dropout': 0.0, 'recurrent_dropout': 0.0}, 'registered_name': None, 'build_config': {'input_shape': (None, 45, 512)}}, {'module': 'keras.layers', 'class_name': 'TimeDistributed', 'config': {'name': 'time_distributed_3', 'trainable': True, 'dtype': 'float32', 'layer': {'module': 'keras.layers', 'class_name': 'Dense', 'config': {'name': 'dense_3', 'trainable': True, 'dtype': 'float32', 'units': 120, 'activation': 'softmax', 'use_bias': True, 'kernel_initializer': {'module': 'keras.initializers', 'class_name': 'GlorotUniform', 'config': {'seed': None}, 'registered_name': None}, 'bias_initializer': {'module': 'keras.initializers', 'class_name': 'Zeros', 'config': {}, 'registered_name': None}, 'kernel_regularizer': None, 'bias_regularizer': None, 'kernel_constraint': None, 'bias_constraint': None}, 'registered_name': None, 'build_config': {'input_shape': (None, 128)}}}, 'registered_name': None, 'build_config': {'input_shape': (None, 45, 128)}}], 'build_input_shape': (None, 45)}",4,2,0.8169417977333069,0.01701771467924118,2.583221197128296,0.8217018842697144,0.03616766259074211,1.5478013753890991,500,512,3,32,False,False,False,,pre,accuracy,macro,True,True,5
SimpleRNN,"{'name': 'sequential_4', 'trainable': True, 'dtype': 'float32', 'layers': [{'module': 'keras.layers', 'class_name': 'InputLayer', 'config': {'batch_shape': (None, 45), 'dtype': 'float32', 'sparse': False, 'name': 'input_layer_3'}, 'registered_name': None}, {'module': 'keras.layers', 'class_name': 'Embedding', 'config': {'name': 'embedding_3', 'trainable': True, 'dtype': 'float32', 'input_dim': 501, 'output_dim': 512, 'embeddings_initializer': {'module': 'keras.initializers', 'class_name': 'RandomUniform', 'config': {'minval': -0.05, 'maxval': 0.05, 'seed': None}, 'registered_name': None}, 'embeddings_regularizer': None, 'activity_regularizer': None, 'embeddings_constraint': None, 'mask_zero': False}, 'registered_name': None, 'build_config': {'input_shape': (None, 45)}}, {'module': 'keras.layers', 'class_name': 'SimpleRNN', 'config': {'name': 'simple_rnn', 'trainable': True, 'dtype': 'float32', 'return_sequences': True, 'return_state': False, 'go_backwards': False, 'stateful': False, 'unroll': False, 'zero_output_for_mask': False, 'units': 128, 'activation': 'tanh', 'use_bias': True, 'kernel_initializer': {'module': 'keras.initializers', 'class_name': 'GlorotUniform', 'config': {'seed': None}, 'registered_name': None}, 'recurrent_initializer': {'module': 'keras.initializers', 'class_name': 'OrthogonalInitializer', 'config': {'gain': 1.0, 'seed': None}, 'registered_name': None}, 'bias_initializer': {'module': 'keras.initializers', 'class_name': 'Zeros', 'config': {}, 'registered_name': None}, 'kernel_regularizer': None, 'recurrent_regularizer': None, 'bias_regularizer': None, 'activity_regularizer': None, 'kernel_constraint': None, 'recurrent_constraint': None, 'bias_constraint': None, 'dropout': 0.0, 'recurrent_dropout': 0.0}, 'registered_name': None, 'build_config': {'input_shape': (None, 45, 512)}}, {'module': 'keras.layers', 'class_name': 'TimeDistributed', 'config': {'name': 'time_distributed_3', 'trainable': True, 'dtype': 'float32', 'layer': {'module': 'keras.layers', 'class_name': 'Dense', 'config': {'name': 'dense_3', 'trainable': True, 'dtype': 'float32', 'units': 120, 'activation': 'softmax', 'use_bias': True, 'kernel_initializer': {'module': 'keras.initializers', 'class_name': 'GlorotUniform', 'config': {'seed': None}, 'registered_name': None}, 'bias_initializer': {'module': 'keras.initializers', 'class_name': 'Zeros', 'config': {}, 'registered_name': None}, 'kernel_regularizer': None, 'bias_regularizer': None, 'kernel_constraint': None, 'bias_constraint': None}, 'registered_name': None, 'build_config': {'input_shape': (None, 128)}}}, 'registered_name': None, 'build_config': {'input_shape': (None, 45, 128)}}], 'build_input_shape': (None, 45)}",4,3,0.8322378993034363,0.5816341042518616,1.3585234880447388,0.8486559391021729,0.3346044719219208,1.2846747636795044,500,512,3,32,False,False,False,,pre,accuracy,macro,True,True,5
SimpleRNN,"{'name': 'sequential_5', 'trainable': True, 'dtype': 'float32', 'layers': [{'module': 'keras.layers', 'class_name': 'InputLayer', 'config': {'batch_shape': (None, 45), 'dtype': 'float32', 'sparse': False, 'name': 'input_layer_4'}, 'registered_name': None}, {'module': 'keras.layers', 'class_name': 'Embedding', 'config': {'name': 'embedding_4', 'trainable': True, 'dtype': 'float32', 'input_dim': 501, 'output_dim': 512, 'embeddings_initializer': {'module': 'keras.initializers', 'class_name': 'RandomUniform', 'config': {'minval': -0.05, 'maxval': 0.05, 'seed': None}, 'registered_name': None}, 'embeddings_regularizer': None, 'activity_regularizer': None, 'embeddings_constraint': None, 'mask_zero': False}, 'registered_name': None, 'build_config': {'input_shape': (None, 45)}}, {'module': 'keras.layers', 'class_name': 'SimpleRNN', 'config': {'name': 'simple_rnn', 'trainable': True, 'dtype': 'float32', 'return_sequences': True, 'return_state': False, 'go_backwards': False, 'stateful': False, 'unroll': False, 'zero_output_for_mask': False, 'units': 128, 'activation': 'tanh', 'use_bias': True, 'kernel_initializer': {'module': 'keras.initializers', 'class_name': 'GlorotUniform', 'config': {'seed': None}, 'registered_name': None}, 'recurrent_initializer': {'module': 'keras.initializers', 'class_name': 'OrthogonalInitializer', 'config': {'gain': 1.0, 'seed': None}, 'registered_name': None}, 'bias_initializer': {'module': 'keras.initializers', 'class_name': 'Zeros', 'config': {}, 'registered_name': None}, 'kernel_regularizer': None, 'recurrent_regularizer': None, 'bias_regularizer': None, 'activity_regularizer': None, 'kernel_constraint': None, 'recurrent_constraint': None, 'bias_constraint': None, 'dropout': 0.0, 'recurrent_dropout': 0.0}, 'registered_name': None, 'build_config': {'input_shape': (None, 45, 512)}}, {'module': 'keras.layers', 'class_name': 'TimeDistributed', 'config': {'name': 'time_distributed_4', 'trainable': True, 'dtype': 'float32', 'layer': {'module': 'keras.layers', 'class_name': 'Dense', 'config': {'name': 'dense_4', 'trainable': True, 'dtype': 'float32', 'units': 120, 'activation': 'softmax', 'use_bias': True, 'kernel_initializer': {'module': 'keras.initializers', 'class_name': 'GlorotUniform', 'config': {'seed': None}, 'registered_name': None}, 'bias_initializer': {'module': 'keras.initializers', 'class_name': 'Zeros', 'config': {}, 'registered_name': None}, 'kernel_regularizer': None, 'bias_regularizer': None, 'kernel_constraint': None, 'bias_constraint': None}, 'registered_name': None, 'build_config': {'input_shape': (None, 128)}}}, 'registered_name': None, 'build_config': {'input_shape': (None, 45, 128)}}], 'build_input_shape': (None, 45)}",5,1,0.5114598870277405,6.504393968498334e-05,4.312378883361816,0.8167223930358887,0.002055603312328458,2.5207488536834717,500,512,3,32,False,False,False,,pre,accuracy,macro,True,True,5
SimpleRNN,"{'name': 'sequential_5', 'trainable': True, 'dtype': 'float32', 'layers': [{'module': 'keras.layers', 'class_name': 'InputLayer', 'config': {'batch_shape': (None, 45), 'dtype': 'float32', 'sparse': False, 'name': 'input_layer_4'}, 'registered_name': None}, {'module': 'keras.layers', 'class_name': 'Embedding', 'config': {'name': 'embedding_4', 'trainable': True, 'dtype': 'float32', 'input_dim': 501, 'output_dim': 512, 'embeddings_initializer': {'module': 'keras.initializers', 'class_name': 'RandomUniform', 'config': {'minval': -0.05, 'maxval': 0.05, 'seed': None}, 'registered_name': None}, 'embeddings_regularizer': None, 'activity_regularizer': None, 'embeddings_constraint': None, 'mask_zero': False}, 'registered_name': None, 'build_config': {'input_shape': (None, 45)}}, {'module': 'keras.layers', 'class_name': 'SimpleRNN', 'config': {'name': 'simple_rnn', 'trainable': True, 'dtype': 'float32', 'return_sequences': True, 'return_state': False, 'go_backwards': False, 'stateful': False, 'unroll': False, 'zero_output_for_mask': False, 'units': 128, 'activation': 'tanh', 'use_bias': True, 'kernel_initializer': {'module': 'keras.initializers', 'class_name': 'GlorotUniform', 'config': {'seed': None}, 'registered_name': None}, 'recurrent_initializer': {'module': 'keras.initializers', 'class_name': 'OrthogonalInitializer', 'config': {'gain': 1.0, 'seed': None}, 'registered_name': None}, 'bias_initializer': {'module': 'keras.initializers', 'class_name': 'Zeros', 'config': {}, 'registered_name': None}, 'kernel_regularizer': None, 'recurrent_regularizer': None, 'bias_regularizer': None, 'activity_regularizer': None, 'kernel_constraint': None, 'recurrent_constraint': None, 'bias_constraint': None, 'dropout': 0.0, 'recurrent_dropout': 0.0}, 'registered_name': None, 'build_config': {'input_shape': (None, 45, 512)}}, {'module': 'keras.layers', 'class_name': 'TimeDistributed', 'config': {'name': 'time_distributed_4', 'trainable': True, 'dtype': 'float32', 'layer': {'module': 'keras.layers', 'class_name': 'Dense', 'config': {'name': 'dense_4', 'trainable': True, 'dtype': 'float32', 'units': 120, 'activation': 'softmax', 'use_bias': True, 'kernel_initializer': {'module': 'keras.initializers', 'class_name': 'GlorotUniform', 'config': {'seed': None}, 'registered_name': None}, 'bias_initializer': {'module': 'keras.initializers', 'class_name': 'Zeros', 'config': {}, 'registered_name': None}, 'kernel_regularizer': None, 'bias_regularizer': None, 'kernel_constraint': None, 'bias_constraint': None}, 'registered_name': None, 'build_config': {'input_shape': (None, 128)}}}, 'registered_name': None, 'build_config': {'input_shape': (None, 45, 128)}}], 'build_input_shape': (None, 45)}",5,2,0.8219770789146423,0.07066120952367783,2.5606257915496826,0.8284157514572144,0.2306555211544037,1.496612787246704,500,512,3,32,False,False,False,,pre,accuracy,macro,True,True,5
SimpleRNN,"{'name': 'sequential_5', 'trainable': True, 'dtype': 'float32', 'layers': [{'module': 'keras.layers', 'class_name': 'InputLayer', 'config': {'batch_shape': (None, 45), 'dtype': 'float32', 'sparse': False, 'name': 'input_layer_4'}, 'registered_name': None}, {'module': 'keras.layers', 'class_name': 'Embedding', 'config': {'name': 'embedding_4', 'trainable': True, 'dtype': 'float32', 'input_dim': 501, 'output_dim': 512, 'embeddings_initializer': {'module': 'keras.initializers', 'class_name': 'RandomUniform', 'config': {'minval': -0.05, 'maxval': 0.05, 'seed': None}, 'registered_name': None}, 'embeddings_regularizer': None, 'activity_regularizer': None, 'embeddings_constraint': None, 'mask_zero': False}, 'registered_name': None, 'build_config': {'input_shape': (None, 45)}}, {'module': 'keras.layers', 'class_name': 'SimpleRNN', 'config': {'name': 'simple_rnn', 'trainable': True, 'dtype': 'float32', 'return_sequences': True, 'return_state': False, 'go_backwards': False, 'stateful': False, 'unroll': False, 'zero_output_for_mask': False, 'units': 128, 'activation': 'tanh', 'use_bias': True, 'kernel_initializer': {'module': 'keras.initializers', 'class_name': 'GlorotUniform', 'config': {'seed': None}, 'registered_name': None}, 'recurrent_initializer': {'module': 'keras.initializers', 'class_name': 'OrthogonalInitializer', 'config': {'gain': 1.0, 'seed': None}, 'registered_name': None}, 'bias_initializer': {'module': 'keras.initializers', 'class_name': 'Zeros', 'config': {}, 'registered_name': None}, 'kernel_regularizer': None, 'recurrent_regularizer': None, 'bias_regularizer': None, 'activity_regularizer': None, 'kernel_constraint': None, 'recurrent_constraint': None, 'bias_constraint': None, 'dropout': 0.0, 'recurrent_dropout': 0.0}, 'registered_name': None, 'build_config': {'input_shape': (None, 45, 512)}}, {'module': 'keras.layers', 'class_name': 'TimeDistributed', 'config': {'name': 'time_distributed_4', 'trainable': True, 'dtype': 'float32', 'layer': {'module': 'keras.layers', 'class_name': 'Dense', 'config': {'name': 'dense_4', 'trainable': True, 'dtype': 'float32', 'units': 120, 'activation': 'softmax', 'use_bias': True, 'kernel_initializer': {'module': 'keras.initializers', 'class_name': 'GlorotUniform', 'config': {'seed': None}, 'registered_name': None}, 'bias_initializer': {'module': 'keras.initializers', 'class_name': 'Zeros', 'config': {}, 'registered_name': None}, 'kernel_regularizer': None, 'bias_regularizer': None, 'kernel_constraint': None, 'bias_constraint': None}, 'registered_name': None, 'build_config': {'input_shape': (None, 128)}}}, 'registered_name': None, 'build_config': {'input_shape': (None, 45, 128)}}], 'build_input_shape': (None, 45)}",5,3,0.8403465151786804,0.538233757019043,1.374464988708496,0.8475412130355835,0.8535067439079285,1.061933159828186,500,512,3,32,False,False,False,,pre,accuracy,macro,True,True,5
architecture_name,summary,run_number,epoch,training_acc,training_f1,training_loss,val_acc,val_f1,val_loss,vocab_size,embedding_dim,epochs,batch_size,lemmatize,stem,remove_stopwords,custom_stopwords,padding,selection_metric,f1_type,use_sample_weights,early_stopping,early_stopping_patience
Transformer,"{'name': 'sequential_8', 'trainable': True, 'dtype': 'float32', 'layers': [{'module': 'keras.layers', 'class_name': 'InputLayer', 'config': {'batch_shape': (None, 45), 'dtype': 'float32', 'sparse': False, 'name': 'input_layer_5'}, 'registered_name': None}, {'module': 'transformer_prof', 'class_name': 'TokenAndPositionEmbedding', 'config': {'name': 'token_and_position_embedding', 'maxlen': 45, 'vocab_size': 501, 'embed_dim': 100, 'trainable': True, 'dtype': 'float32'}, 'registered_name': 'TokenAndPositionEmbedding', 'build_config': {'input_shape': (None, 45)}}, {'module': 'transformer_prof', 'class_name': 'TransformerBlock', 'config': {'name': 'transformer_block', 'embed_dim': 100, 'num_heads': 2, 'ff_dim': 400, 'trainable': True, 'dtype': 'float32'}, 'registered_name': 'TransformerBlock', 'build_config': {'input_shape': (None, 45, 100)}}, {'module': 'keras.layers', 'class_name': 'TimeDistributed', 'config': {'name': 'time_distributed_5', 'trainable': True, 'dtype': 'float32', 'layer': {'module': 'keras.layers', 'class_name': 'Dense', 'config': {'name': 'dense_9', 'trainable': True, 'dtype': 'float32', 'units': 120, 'activation': 'softmax', 'use_bias': True, 'kernel_initializer': {'module': 'keras.initializers', 'class_name': 'GlorotUniform', 'config': {'seed': None}, 'registered_name': None}, 'bias_initializer': {'module': 'keras.initializers', 'class_name': 'Zeros', 'config': {}, 'registered_name': None}, 'kernel_regularizer': None, 'bias_regularizer': None, 'kernel_constraint': None, 'bias_constraint': None}, 'registered_name': None, 'build_config': {'input_shape': (None, 100)}}}, 'registered_name': None, 'build_config': {'input_shape': (None, 45, 100)}}], 'build_input_shape': (None, 45)}",1,1,0.6735491156578064,0.2455398291349411,3.666712999343872,0.8946859836578369,0.8472525477409363,0.8180782198905945,500,100,3,32,False,False,False,,pre,accuracy,macro,True,True,5
Transformer,"{'name': 'sequential_8', 'trainable': True, 'dtype': 'float32', 'layers': [{'module': 'keras.layers', 'class_name': 'InputLayer', 'config': {'batch_shape': (None, 45), 'dtype': 'float32', 'sparse': False, 'name': 'input_layer_5'}, 'registered_name': None}, {'module': 'transformer_prof', 'class_name': 'TokenAndPositionEmbedding', 'config': {'name': 'token_and_position_embedding', 'maxlen': 45, 'vocab_size': 501, 'embed_dim': 100, 'trainable': True, 'dtype': 'float32'}, 'registered_name': 'TokenAndPositionEmbedding', 'build_config': {'input_shape': (None, 45)}}, {'module': 'transformer_prof', 'class_name': 'TransformerBlock', 'config': {'name': 'transformer_block', 'embed_dim': 100, 'num_heads': 2, 'ff_dim': 400, 'trainable': True, 'dtype': 'float32'}, 'registered_name': 'TransformerBlock', 'build_config': {'input_shape': (None, 45, 100)}}, {'module': 'keras.layers', 'class_name': 'TimeDistributed', 'config': {'name': 'time_distributed_5', 'trainable': True, 'dtype': 'float32', 'layer': {'module': 'keras.layers', 'class_name': 'Dense', 'config': {'name': 'dense_9', 'trainable': True, 'dtype': 'float32', 'units': 120, 'activation': 'softmax', 'use_bias': True, 'kernel_initializer': {'module': 'keras.initializers', 'class_name': 'GlorotUniform', 'config': {'seed': None}, 'registered_name': None}, 'bias_initializer': {'module': 'keras.initializers', 'class_name': 'Zeros', 'config': {}, 'registered_name': None}, 'kernel_regularizer': None, 'bias_regularizer': None, 'kernel_constraint': None, 'bias_constraint': None}, 'registered_name': None, 'build_config': {'input_shape': (None, 100)}}}, 'registered_name': None, 'build_config': {'input_shape': (None, 45, 100)}}], 'build_input_shape': (None, 45)}",1,2,0.8878912329673767,0.8394017815589905,1.7114486694335938,0.886114239692688,0.8598740696907043,0.7179204225540161,500,100,3,32,False,False,False,,pre,accuracy,macro,True,True,5
Transformer,"{'name': 'sequential_8', 'trainable': True, 'dtype': 'float32', 'layers': [{'module': 'keras.layers', 'class_name': 'InputLayer', 'config': {'batch_shape': (None, 45), 'dtype': 'float32', 'sparse': False, 'name': 'input_layer_5'}, 'registered_name': None}, {'module': 'transformer_prof', 'class_name': 'TokenAndPositionEmbedding', 'config': {'name': 'token_and_position_embedding', 'maxlen': 45, 'vocab_size': 501, 'embed_dim': 100, 'trainable': True, 'dtype': 'float32'}, 'registered_name': 'TokenAndPositionEmbedding', 'build_config': {'input_shape': (None, 45)}}, {'module': 'transformer_prof', 'class_name': 'TransformerBlock', 'config': {'name': 'transformer_block', 'embed_dim': 100, 'num_heads': 2, 'ff_dim': 400, 'trainable': True, 'dtype': 'float32'}, 'registered_name': 'TransformerBlock', 'build_config': {'input_shape': (None, 45, 100)}}, {'module': 'keras.layers', 'class_name': 'TimeDistributed', 'config': {'name': 'time_distributed_5', 'trainable': True, 'dtype': 'float32', 'layer': {'module': 'keras.layers', 'class_name': 'Dense', 'config': {'name': 'dense_9', 'trainable': True, 'dtype': 'float32', 'units': 120, 'activation': 'softmax', 'use_bias': True, 'kernel_initializer': {'module': 'keras.initializers', 'class_name': 'GlorotUniform', 'config': {'seed': None}, 'registered_name': None}, 'bias_initializer': {'module': 'keras.initializers', 'class_name': 'Zeros', 'config': {}, 'registered_name': None}, 'kernel_regularizer': None, 'bias_regularizer': None, 'kernel_constraint': None, 'bias_constraint': None}, 'registered_name': None, 'build_config': {'input_shape': (None, 100)}}}, 'registered_name': None, 'build_config': {'input_shape': (None, 45, 100)}}], 'build_input_shape': (None, 45)}",1,3,0.8805402517318726,0.8700711727142334,1.1601505279541016,0.8601510524749756,0.8644970059394836,0.6019771695137024,500,100,3,32,False,False,False,,pre,accuracy,macro,True,True,5
Transformer,"{'name': 'sequential_11', 'trainable': True, 'dtype': 'float32', 'layers': [{'module': 'keras.layers', 'class_name': 'InputLayer', 'config': {'batch_shape': (None, 45), 'dtype': 'float32', 'sparse': False, 'name': 'input_layer_8'}, 'registered_name': None}, {'module': 'transformer_prof', 'class_name': 'TokenAndPositionEmbedding', 'config': {'name': 'token_and_position_embedding_1', 'maxlen': 45, 'vocab_size': 501, 'embed_dim': 100, 'trainable': True, 'dtype': 'float32'}, 'registered_name': 'TokenAndPositionEmbedding', 'build_config': {'input_shape': (None, 45)}}, {'module': 'transformer_prof', 'class_name': 'TransformerBlock', 'config': {'name': 'transformer_block', 'embed_dim': 100, 'num_heads': 2, 'ff_dim': 400, 'trainable': True, 'dtype': 'float32'}, 'registered_name': 'TransformerBlock', 'build_config': {'input_shape': (None, 45, 100)}}, {'module': 'keras.layers', 'class_name': 'TimeDistributed', 'config': {'name': 'time_distributed_6', 'trainable': True, 'dtype': 'float32', 'layer': {'module': 'keras.layers', 'class_name': 'Dense', 'config': {'name': 'dense_14', 'trainable': True, 'dtype': 'float32', 'units': 120, 'activation': 'softmax', 'use_bias': True, 'kernel_initializer': {'module': 'keras.initializers', 'class_name': 'GlorotUniform', 'config': {'seed': None}, 'registered_name': None}, 'bias_initializer': {'module': 'keras.initializers', 'class_name': 'Zeros', 'config': {}, 'registered_name': None}, 'kernel_regularizer': None, 'bias_regularizer': None, 'kernel_constraint': None, 'bias_constraint': None}, 'registered_name': None, 'build_config': {'input_shape': (None, 100)}}}, 'registered_name': None, 'build_config': {'input_shape': (None, 45, 100)}}], 'build_input_shape': (None, 45)}",2,1,0.7668957114219666,0.16649988293647766,3.5658981800079346,0.894611656665802,0.7795130610466003,0.8956761956214905,500,100,3,32,False,False,False,,pre,accuracy,macro,True,True,5
Transformer,"{'name': 'sequential_11', 'trainable': True, 'dtype': 'float32', 'layers': [{'module': 'keras.layers', 'class_name': 'InputLayer', 'config': {'batch_shape': (None, 45), 'dtype': 'float32', 'sparse': False, 'name': 'input_layer_8'}, 'registered_name': None}, {'module': 'transformer_prof', 'class_name': 'TokenAndPositionEmbedding', 'config': {'name': 'token_and_position_embedding_1', 'maxlen': 45, 'vocab_size': 501, 'embed_dim': 100, 'trainable': True, 'dtype': 'float32'}, 'registered_name': 'TokenAndPositionEmbedding', 'build_config': {'input_shape': (None, 45)}}, {'module': 'transformer_prof', 'class_name': 'TransformerBlock', 'config': {'name': 'transformer_block', 'embed_dim': 100, 'num_heads': 2, 'ff_dim': 400, 'trainable': True, 'dtype': 'float32'}, 'registered_name': 'TransformerBlock', 'build_config': {'input_shape': (None, 45, 100)}}, {'module': 'keras.layers', 'class_name': 'TimeDistributed', 'config': {'name': 'time_distributed_6', 'trainable': True, 'dtype': 'float32', 'layer': {'module': 'keras.layers', 'class_name': 'Dense', 'config': {'name': 'dense_14', 'trainable': True, 'dtype': 'float32', 'units': 120, 'activation': 'softmax', 'use_bias': True, 'kernel_initializer': {'module': 'keras.initializers', 'class_name': 'GlorotUniform', 'config': {'seed': None}, 'registered_name': None}, 'bias_initializer': {'module': 'keras.initializers', 'class_name': 'Zeros', 'config': {}, 'registered_name': None}, 'kernel_regularizer': None, 'bias_regularizer': None, 'kernel_constraint': None, 'bias_constraint': None}, 'registered_name': None, 'build_config': {'input_shape': (None, 100)}}}, 'registered_name': None, 'build_config': {'input_shape': (None, 45, 100)}}], 'build_input_shape': (None, 45)}",2,2,0.8798976540565491,0.8064489364624023,1.644945740699768,0.873950183391571,0.8608879446983337,0.6984668970108032,500,100,3,32,False,False,False,,pre,accuracy,macro,True,True,5
Transformer,"{'name': 'sequential_11', 'trainable': True, 'dtype': 'float32', 'layers': [{'module': 'keras.layers', 'class_name': 'InputLayer', 'config': {'batch_shape': (None, 45), 'dtype': 'float32', 'sparse': False, 'name': 'input_layer_8'}, 'registered_name': None}, {'module': 'transformer_prof', 'class_name': 'TokenAndPositionEmbedding', 'config': {'name': 'token_and_position_embedding_1', 'maxlen': 45, 'vocab_size': 501, 'embed_dim': 100, 'trainable': True, 'dtype': 'float32'}, 'registered_name': 'TokenAndPositionEmbedding', 'build_config': {'input_shape': (None, 45)}}, {'module': 'transformer_prof', 'class_name': 'TransformerBlock', 'config': {'name': 'transformer_block', 'embed_dim': 100, 'num_heads': 2, 'ff_dim': 400, 'trainable': True, 'dtype': 'float32'}, 'registered_name': 'TransformerBlock', 'build_config': {'input_shape': (None, 45, 100)}}, {'module': 'keras.layers', 'class_name': 'TimeDistributed', 'config': {'name': 'time_distributed_6', 'trainable': True, 'dtype': 'float32', 'layer': {'module': 'keras.layers', 'class_name': 'Dense', 'config': {'name': 'dense_14', 'trainable': True, 'dtype': 'float32', 'units': 120, 'activation': 'softmax', 'use_bias': True, 'kernel_initializer': {'module': 'keras.initializers', 'class_name': 'GlorotUniform', 'config': {'seed': None}, 'registered_name': None}, 'bias_initializer': {'module': 'keras.initializers', 'class_name': 'Zeros', 'config': {}, 'registered_name': None}, 'kernel_regularizer': None, 'bias_regularizer': None, 'kernel_constraint': None, 'bias_constraint': None}, 'registered_name': None, 'build_config': {'input_shape': (None, 100)}}}, 'registered_name': None, 'build_config': {'input_shape': (None, 45, 100)}}], 'build_input_shape': (None, 45)}",2,3,0.8713967204093933,0.8591120839118958,1.143093228340149,0.8427349328994751,0.8402811884880066,0.6836846470832825,500,100,3,32,False,False,False,,pre,accuracy,macro,True,True,5
