architecture_name,summary,average_training_acc,average_training_f1,average_training_loss,average_val_acc,average_val_f1,average_val_loss,vocab_size,embedding_dim,epochs,batch_size,lemmatize,stem,remove_stopwords,custom_stopwords,selection_metric,f1_type,use_class_weights
test_1019_1254,"{'name': 'sequential_5', 'trainable': True, 'dtype': 'float32', 'layers': [{'module': 'keras.layers', 'class_name': 'InputLayer', 'config': {'batch_shape': (None, 45), 'dtype': 'float32', 'sparse': False, 'name': 'input_layer_4'}, 'registered_name': None}, {'module': 'keras.layers', 'class_name': 'Embedding', 'config': {'name': 'embedding_4', 'trainable': True, 'dtype': 'float32', 'input_dim': 501, 'output_dim': 256, 'embeddings_initializer': {'module': 'keras.initializers', 'class_name': 'RandomUniform', 'config': {'minval': -0.05, 'maxval': 0.05, 'seed': None}, 'registered_name': None}, 'embeddings_regularizer': None, 'activity_regularizer': None, 'embeddings_constraint': None, 'mask_zero': False}, 'registered_name': None, 'build_config': {'input_shape': (None, 45)}}, {'module': 'keras.layers', 'class_name': 'GlobalMaxPooling1D', 'config': {'name': 'global_max_pooling1d', 'trainable': True, 'dtype': 'float32', 'data_format': 'channels_last', 'keepdims': False}, 'registered_name': None, 'build_config': {'input_shape': (None, 45, 256)}}, {'module': 'keras.layers', 'class_name': 'Dense', 'config': {'name': 'dense_4', 'trainable': True, 'dtype': 'float32', 'units': 22, 'activation': 'softmax', 'use_bias': True, 'kernel_initializer': {'module': 'keras.initializers', 'class_name': 'GlorotUniform', 'config': {'seed': None}, 'registered_name': None}, 'bias_initializer': {'module': 'keras.initializers', 'class_name': 'Zeros', 'config': {}, 'registered_name': None}, 'kernel_regularizer': None, 'bias_regularizer': None, 'kernel_constraint': None, 'bias_constraint': None}, 'registered_name': None, 'build_config': {'input_shape': (None, 256)}}], 'build_input_shape': (None, 45)}",0.9365865826606751,0.7860567212104798,0.3044823110103607,0.9173333287239075,0.5571819067001342,0.4225418508052826,500,256,10,32,False,False,False,,accuracy,macro,True
test_1020_0027,"{'name': 'sequential_17', 'trainable': True, 'dtype': {'module': 'keras', 'class_name': 'DTypePolicy', 'config': {'name': 'float32'}, 'registered_name': None}, 'layers': [{'module': 'keras.layers', 'class_name': 'InputLayer', 'config': {'batch_shape': (None, 45), 'dtype': 'float32', 'sparse': False, 'name': 'input_layer_15'}, 'registered_name': None}, {'module': 'keras.layers', 'class_name': 'Embedding', 'config': {'name': 'embedding', 'trainable': True, 'dtype': {'module': 'keras', 'class_name': 'DTypePolicy', 'config': {'name': 'float32'}, 'registered_name': None}, 'input_dim': 501, 'output_dim': 256, 'embeddings_initializer': {'module': 'keras.initializers', 'class_name': 'RandomUniform', 'config': {'seed': None, 'minval': -0.05, 'maxval': 0.05}, 'registered_name': None}, 'embeddings_regularizer': None, 'activity_regularizer': None, 'embeddings_constraint': None, 'mask_zero': False}, 'registered_name': None, 'build_config': {'input_shape': (None, 45)}}, {'module': 'keras.layers', 'class_name': 'GlobalMaxPooling1D', 'config': {'name': 'global_max_pooling1d', 'trainable': True, 'dtype': {'module': 'keras', 'class_name': 'DTypePolicy', 'config': {'name': 'float32'}, 'registered_name': None}, 'data_format': 'channels_last', 'keepdims': False}, 'registered_name': None}, {'module': 'keras.layers', 'class_name': 'Dense', 'config': {'name': 'dense_45', 'trainable': True, 'dtype': {'module': 'keras', 'class_name': 'DTypePolicy', 'config': {'name': 'float32'}, 'registered_name': None}, 'units': 128, 'activation': 'relu', 'use_bias': True, 'kernel_initializer': {'module': 'keras.initializers', 'class_name': 'GlorotUniform', 'config': {'seed': None}, 'registered_name': None}, 'bias_initializer': {'module': 'keras.initializers', 'class_name': 'Zeros', 'config': {}, 'registered_name': None}, 'kernel_regularizer': None, 'bias_regularizer': None, 'kernel_constraint': None, 'bias_constraint': None}, 'registered_name': None, 'build_config': {'input_shape': (None, 256)}}, {'module': 'keras.layers', 'class_name': 'Dense', 'config': {'name': 'dense_46', 'trainable': True, 'dtype': {'module': 'keras', 'class_name': 'DTypePolicy', 'config': {'name': 'float32'}, 'registered_name': None}, 'units': 22, 'activation': 'softmax', 'use_bias': True, 'kernel_initializer': {'module': 'keras.initializers', 'class_name': 'GlorotUniform', 'config': {'seed': None}, 'registered_name': None}, 'bias_initializer': {'module': 'keras.initializers', 'class_name': 'Zeros', 'config': {}, 'registered_name': None}, 'kernel_regularizer': None, 'bias_regularizer': None, 'kernel_constraint': None, 'bias_constraint': None}, 'registered_name': None, 'build_config': {'input_shape': (None, 128)}}], 'build_input_shape': (None, 45)}",0.9553212523460388,0.806263542175293,0.09229749590158462,0.9382222056388855,0.6007609367370605,0.234647798538208,500,256,10,32,False,False,False,,accuracy,macro,True
test_1020_0027,"{'name': 'sequential_25', 'trainable': True, 'dtype': {'module': 'keras', 'class_name': 'DTypePolicy', 'config': {'name': 'float32'}, 'registered_name': None}, 'layers': [{'module': 'keras.layers', 'class_name': 'InputLayer', 'config': {'batch_shape': (None, 45), 'dtype': 'float32', 'sparse': False, 'name': 'input_layer_22'}, 'registered_name': None}, {'module': 'keras.layers', 'class_name': 'Embedding', 'config': {'name': 'embedding_7', 'trainable': True, 'dtype': {'module': 'keras', 'class_name': 'DTypePolicy', 'config': {'name': 'float32'}, 'registered_name': None}, 'input_dim': 501, 'output_dim': 256, 'embeddings_initializer': {'module': 'keras.initializers', 'class_name': 'RandomUniform', 'config': {'seed': None, 'minval': -0.05, 'maxval': 0.05}, 'registered_name': None}, 'embeddings_regularizer': None, 'activity_regularizer': None, 'embeddings_constraint': None, 'mask_zero': False}, 'registered_name': None, 'build_config': {'input_shape': (None, 45)}}, {'module': 'keras.layers', 'class_name': 'GlobalMaxPooling1D', 'config': {'name': 'global_max_pooling1d_1', 'trainable': True, 'dtype': {'module': 'keras', 'class_name': 'DTypePolicy', 'config': {'name': 'float32'}, 'registered_name': None}, 'data_format': 'channels_last', 'keepdims': False}, 'registered_name': None}, {'module': 'keras.layers', 'class_name': 'Dense', 'config': {'name': 'dense_51', 'trainable': True, 'dtype': {'module': 'keras', 'class_name': 'DTypePolicy', 'config': {'name': 'float32'}, 'registered_name': None}, 'units': 128, 'activation': 'relu', 'use_bias': True, 'kernel_initializer': {'module': 'keras.initializers', 'class_name': 'GlorotUniform', 'config': {'seed': None}, 'registered_name': None}, 'bias_initializer': {'module': 'keras.initializers', 'class_name': 'Zeros', 'config': {}, 'registered_name': None}, 'kernel_regularizer': None, 'bias_regularizer': None, 'kernel_constraint': None, 'bias_constraint': None}, 'registered_name': None, 'build_config': {'input_shape': (None, 256)}}, {'module': 'keras.layers', 'class_name': 'Dense', 'config': {'name': 'dense_54', 'trainable': True, 'dtype': {'module': 'keras', 'class_name': 'DTypePolicy', 'config': {'name': 'float32'}, 'registered_name': None}, 'units': 22, 'activation': 'softmax', 'use_bias': True, 'kernel_initializer': {'module': 'keras.initializers', 'class_name': 'GlorotUniform', 'config': {'seed': None}, 'registered_name': None}, 'bias_initializer': {'module': 'keras.initializers', 'class_name': 'Zeros', 'config': {}, 'registered_name': None}, 'kernel_regularizer': None, 'bias_regularizer': None, 'kernel_constraint': None, 'bias_constraint': None}, 'registered_name': None, 'build_config': {'input_shape': (None, 128)}}], 'build_input_shape': (None, 45)}",0.9562040090560913,0.8365999817848205,0.08863652795553208,0.9371111154556274,0.5888194084167481,0.2355005770921707,500,256,10,32,False,False,False,,accuracy,macro,True
test_1020_0027,"{'name': 'sequential_29', 'trainable': True, 'dtype': {'module': 'keras', 'class_name': 'DTypePolicy', 'config': {'name': 'float32'}, 'registered_name': None}, 'layers': [{'module': 'keras.layers', 'class_name': 'InputLayer', 'config': {'batch_shape': (None, 45), 'dtype': 'float32', 'sparse': False, 'name': 'input_layer_25'}, 'registered_name': None}, {'module': 'keras.layers', 'class_name': 'Embedding', 'config': {'name': 'embedding_10', 'trainable': True, 'dtype': {'module': 'keras', 'class_name': 'DTypePolicy', 'config': {'name': 'float32'}, 'registered_name': None}, 'input_dim': 501, 'output_dim': 256, 'embeddings_initializer': {'module': 'keras.initializers', 'class_name': 'RandomUniform', 'config': {'seed': None, 'minval': -0.05, 'maxval': 0.05}, 'registered_name': None}, 'embeddings_regularizer': None, 'activity_regularizer': None, 'embeddings_constraint': None, 'mask_zero': False}, 'registered_name': None, 'build_config': {'input_shape': (None, 45)}}, {'module': 'keras.layers', 'class_name': 'GlobalMaxPooling1D', 'config': {'name': 'global_max_pooling1d_2', 'trainable': True, 'dtype': {'module': 'keras', 'class_name': 'DTypePolicy', 'config': {'name': 'float32'}, 'registered_name': None}, 'data_format': 'channels_last', 'keepdims': False}, 'registered_name': None}, {'module': 'keras.layers', 'class_name': 'Dense', 'config': {'name': 'dense_57', 'trainable': True, 'dtype': {'module': 'keras', 'class_name': 'DTypePolicy', 'config': {'name': 'float32'}, 'registered_name': None}, 'units': 128, 'activation': 'relu', 'use_bias': True, 'kernel_initializer': {'module': 'keras.initializers', 'class_name': 'GlorotUniform', 'config': {'seed': None}, 'registered_name': None}, 'bias_initializer': {'module': 'keras.initializers', 'class_name': 'Zeros', 'config': {}, 'registered_name': None}, 'kernel_regularizer': None, 'bias_regularizer': None, 'kernel_constraint': None, 'bias_constraint': None}, 'registered_name': None, 'build_config': {'input_shape': (None, 256)}}, {'module': 'keras.layers', 'class_name': 'Dense', 'config': {'name': 'dense_58', 'trainable': True, 'dtype': {'module': 'keras', 'class_name': 'DTypePolicy', 'config': {'name': 'float32'}, 'registered_name': None}, 'units': 22, 'activation': 'softmax', 'use_bias': True, 'kernel_initializer': {'module': 'keras.initializers', 'class_name': 'GlorotUniform', 'config': {'seed': None}, 'registered_name': None}, 'bias_initializer': {'module': 'keras.initializers', 'class_name': 'Zeros', 'config': {}, 'registered_name': None}, 'kernel_regularizer': None, 'bias_regularizer': None, 'kernel_constraint': None, 'bias_constraint': None}, 'registered_name': None, 'build_config': {'input_shape': (None, 128)}}], 'build_input_shape': (None, 45)}",0.9538989782333374,0.8005171895027161,0.09242463409900666,0.9337777733802796,0.5870574355125427,0.24280273914337158,500,256,10,32,False,False,False,,accuracy,macro,True
test_1020_0027,"{'name': 'sequential_38', 'trainable': True, 'dtype': {'module': 'keras', 'class_name': 'DTypePolicy', 'config': {'name': 'float32'}, 'registered_name': None}, 'layers': [{'module': 'keras.layers', 'class_name': 'InputLayer', 'config': {'batch_shape': (None, 45), 'dtype': 'float32', 'sparse': False, 'name': 'input_layer_32'}, 'registered_name': None}, {'module': 'keras.layers', 'class_name': 'Embedding', 'config': {'name': 'embedding_17', 'trainable': True, 'dtype': {'module': 'keras', 'class_name': 'DTypePolicy', 'config': {'name': 'float32'}, 'registered_name': None}, 'input_dim': 501, 'output_dim': 256, 'embeddings_initializer': {'module': 'keras.initializers', 'class_name': 'RandomUniform', 'config': {'seed': None, 'minval': -0.05, 'maxval': 0.05}, 'registered_name': None}, 'embeddings_regularizer': None, 'activity_regularizer': None, 'embeddings_constraint': None, 'mask_zero': False}, 'registered_name': None, 'build_config': {'input_shape': (None, 45)}}, {'module': 'keras.layers', 'class_name': 'Conv1D', 'config': {'name': 'conv1d_1', 'trainable': True, 'dtype': {'module': 'keras', 'class_name': 'DTypePolicy', 'config': {'name': 'float32'}, 'registered_name': None}, 'filters': 32, 'kernel_size': (3,), 'strides': (1,), 'padding': 'valid', 'data_format': 'channels_last', 'dilation_rate': (1,), 'groups': 1, 'activation': 'linear', 'use_bias': True, 'kernel_initializer': {'module': 'keras.initializers', 'class_name': 'GlorotUniform', 'config': {'seed': None}, 'registered_name': None}, 'bias_initializer': {'module': 'keras.initializers', 'class_name': 'Zeros', 'config': {}, 'registered_name': None}, 'kernel_regularizer': None, 'bias_regularizer': None, 'activity_regularizer': None, 'kernel_constraint': None, 'bias_constraint': None}, 'registered_name': None, 'build_config': {'input_shape': (None, 45, 256)}}, {'module': 'keras.layers', 'class_name': 'GlobalMaxPooling1D', 'config': {'name': 'global_max_pooling1d_4', 'trainable': True, 'dtype': {'module': 'keras', 'class_name': 'DTypePolicy', 'config': {'name': 'float32'}, 'registered_name': None}, 'data_format': 'channels_last', 'keepdims': False}, 'registered_name': None}, {'module': 'keras.layers', 'class_name': 'Dense', 'config': {'name': 'dense_66', 'trainable': True, 'dtype': {'module': 'keras', 'class_name': 'DTypePolicy', 'config': {'name': 'float32'}, 'registered_name': None}, 'units': 128, 'activation': 'relu', 'use_bias': True, 'kernel_initializer': {'module': 'keras.initializers', 'class_name': 'GlorotUniform', 'config': {'seed': None}, 'registered_name': None}, 'bias_initializer': {'module': 'keras.initializers', 'class_name': 'Zeros', 'config': {}, 'registered_name': None}, 'kernel_regularizer': None, 'bias_regularizer': None, 'kernel_constraint': None, 'bias_constraint': None}, 'registered_name': None, 'build_config': {'input_shape': (None, 32)}}, {'module': 'keras.layers', 'class_name': 'Dense', 'config': {'name': 'dense_67', 'trainable': True, 'dtype': {'module': 'keras', 'class_name': 'DTypePolicy', 'config': {'name': 'float32'}, 'registered_name': None}, 'units': 22, 'activation': 'softmax', 'use_bias': True, 'kernel_initializer': {'module': 'keras.initializers', 'class_name': 'GlorotUniform', 'config': {'seed': None}, 'registered_name': None}, 'bias_initializer': {'module': 'keras.initializers', 'class_name': 'Zeros', 'config': {}, 'registered_name': None}, 'kernel_regularizer': None, 'bias_regularizer': None, 'kernel_constraint': None, 'bias_constraint': None}, 'registered_name': None, 'build_config': {'input_shape': (None, 128)}}], 'build_input_shape': (None, 45)}",0.9619911909103394,0.8774222731590271,0.03255247324705124,0.9344444274902344,0.5878690481185913,0.26621708273887634,500,256,10,32,False,False,False,,accuracy,macro,True
test_1020_0027,"{'name': 'sequential_40', 'trainable': True, 'dtype': {'module': 'keras', 'class_name': 'DTypePolicy', 'config': {'name': 'float32'}, 'registered_name': None}, 'layers': [{'module': 'keras.layers', 'class_name': 'InputLayer', 'config': {'batch_shape': (None, 45), 'dtype': 'float32', 'sparse': False, 'name': 'input_layer_33'}, 'registered_name': None}, {'module': 'keras.layers', 'class_name': 'Embedding', 'config': {'name': 'embedding_18', 'trainable': True, 'dtype': {'module': 'keras', 'class_name': 'DTypePolicy', 'config': {'name': 'float32'}, 'registered_name': None}, 'input_dim': 501, 'output_dim': 256, 'embeddings_initializer': {'module': 'keras.initializers', 'class_name': 'RandomUniform', 'config': {'seed': None, 'minval': -0.05, 'maxval': 0.05}, 'registered_name': None}, 'embeddings_regularizer': None, 'activity_regularizer': None, 'embeddings_constraint': None, 'mask_zero': False}, 'registered_name': None, 'build_config': {'input_shape': (None, 45)}}, {'module': 'keras.layers', 'class_name': 'Conv1D', 'config': {'name': 'conv1d_2', 'trainable': True, 'dtype': {'module': 'keras', 'class_name': 'DTypePolicy', 'config': {'name': 'float32'}, 'registered_name': None}, 'filters': 32, 'kernel_size': (3,), 'strides': (1,), 'padding': 'valid', 'data_format': 'channels_last', 'dilation_rate': (1,), 'groups': 1, 'activation': 'linear', 'use_bias': True, 'kernel_initializer': {'module': 'keras.initializers', 'class_name': 'GlorotUniform', 'config': {'seed': None}, 'registered_name': None}, 'bias_initializer': {'module': 'keras.initializers', 'class_name': 'Zeros', 'config': {}, 'registered_name': None}, 'kernel_regularizer': None, 'bias_regularizer': None, 'activity_regularizer': None, 'kernel_constraint': None, 'bias_constraint': None}, 'registered_name': None, 'build_config': {'input_shape': (None, 45, 256)}}, {'module': 'keras.layers', 'class_name': 'GlobalMaxPooling1D', 'config': {'name': 'global_max_pooling1d_5', 'trainable': True, 'dtype': {'module': 'keras', 'class_name': 'DTypePolicy', 'config': {'name': 'float32'}, 'registered_name': None}, 'data_format': 'channels_last', 'keepdims': False}, 'registered_name': None}, {'module': 'keras.layers', 'class_name': 'Dense', 'config': {'name': 'dense_68', 'trainable': True, 'dtype': {'module': 'keras', 'class_name': 'DTypePolicy', 'config': {'name': 'float32'}, 'registered_name': None}, 'units': 128, 'activation': 'relu', 'use_bias': True, 'kernel_initializer': {'module': 'keras.initializers', 'class_name': 'GlorotUniform', 'config': {'seed': None}, 'registered_name': None}, 'bias_initializer': {'module': 'keras.initializers', 'class_name': 'Zeros', 'config': {}, 'registered_name': None}, 'kernel_regularizer': None, 'bias_regularizer': None, 'kernel_constraint': None, 'bias_constraint': None}, 'registered_name': None, 'build_config': {'input_shape': (None, 32)}}, {'module': 'keras.layers', 'class_name': 'Dense', 'config': {'name': 'dense_69', 'trainable': True, 'dtype': {'module': 'keras', 'class_name': 'DTypePolicy', 'config': {'name': 'float32'}, 'registered_name': None}, 'units': 22, 'activation': 'softmax', 'use_bias': True, 'kernel_initializer': {'module': 'keras.initializers', 'class_name': 'GlorotUniform', 'config': {'seed': None}, 'registered_name': None}, 'bias_initializer': {'module': 'keras.initializers', 'class_name': 'Zeros', 'config': {}, 'registered_name': None}, 'kernel_regularizer': None, 'bias_regularizer': None, 'kernel_constraint': None, 'bias_constraint': None}, 'registered_name': None, 'build_config': {'input_shape': (None, 128)}}], 'build_input_shape': (None, 45)}",0.9526728987693787,0.8482820987701416,0.035602521151304245,0.9244444370269775,0.5752481818199158,0.31430578231811523,500,256,10,32,False,False,False,,accuracy,macro,True
test_1020_0027,"{'name': 'sequential_42', 'trainable': True, 'dtype': {'module': 'keras', 'class_name': 'DTypePolicy', 'config': {'name': 'float32'}, 'registered_name': None}, 'layers': [{'module': 'keras.layers', 'class_name': 'InputLayer', 'config': {'batch_shape': (None, 45), 'dtype': 'float32', 'sparse': False, 'name': 'input_layer_34'}, 'registered_name': None}, {'module': 'keras.layers', 'class_name': 'Embedding', 'config': {'name': 'embedding_19', 'trainable': True, 'dtype': {'module': 'keras', 'class_name': 'DTypePolicy', 'config': {'name': 'float32'}, 'registered_name': None}, 'input_dim': 501, 'output_dim': 256, 'embeddings_initializer': {'module': 'keras.initializers', 'class_name': 'RandomUniform', 'config': {'seed': None, 'minval': -0.05, 'maxval': 0.05}, 'registered_name': None}, 'embeddings_regularizer': None, 'activity_regularizer': None, 'embeddings_constraint': None, 'mask_zero': False}, 'registered_name': None, 'build_config': {'input_shape': (None, 45)}}, {'module': 'keras.layers', 'class_name': 'Conv1D', 'config': {'name': 'conv1d_3', 'trainable': True, 'dtype': {'module': 'keras', 'class_name': 'DTypePolicy', 'config': {'name': 'float32'}, 'registered_name': None}, 'filters': 32, 'kernel_size': (3,), 'strides': (1,), 'padding': 'valid', 'data_format': 'channels_last', 'dilation_rate': (1,), 'groups': 1, 'activation': 'linear', 'use_bias': True, 'kernel_initializer': {'module': 'keras.initializers', 'class_name': 'GlorotUniform', 'config': {'seed': None}, 'registered_name': None}, 'bias_initializer': {'module': 'keras.initializers', 'class_name': 'Zeros', 'config': {}, 'registered_name': None}, 'kernel_regularizer': None, 'bias_regularizer': None, 'activity_regularizer': None, 'kernel_constraint': None, 'bias_constraint': None}, 'registered_name': None, 'build_config': {'input_shape': (None, 45, 256)}}, {'module': 'keras.layers', 'class_name': 'GlobalMaxPooling1D', 'config': {'name': 'global_max_pooling1d_6', 'trainable': True, 'dtype': {'module': 'keras', 'class_name': 'DTypePolicy', 'config': {'name': 'float32'}, 'registered_name': None}, 'data_format': 'channels_last', 'keepdims': False}, 'registered_name': None}, {'module': 'keras.layers', 'class_name': 'Dense', 'config': {'name': 'dense_70', 'trainable': True, 'dtype': {'module': 'keras', 'class_name': 'DTypePolicy', 'config': {'name': 'float32'}, 'registered_name': None}, 'units': 128, 'activation': 'relu', 'use_bias': True, 'kernel_initializer': {'module': 'keras.initializers', 'class_name': 'GlorotUniform', 'config': {'seed': None}, 'registered_name': None}, 'bias_initializer': {'module': 'keras.initializers', 'class_name': 'Zeros', 'config': {}, 'registered_name': None}, 'kernel_regularizer': None, 'bias_regularizer': None, 'kernel_constraint': None, 'bias_constraint': None}, 'registered_name': None, 'build_config': {'input_shape': (None, 32)}}, {'module': 'keras.layers', 'class_name': 'Dense', 'config': {'name': 'dense_71', 'trainable': True, 'dtype': {'module': 'keras', 'class_name': 'DTypePolicy', 'config': {'name': 'float32'}, 'registered_name': None}, 'units': 22, 'activation': 'softmax', 'use_bias': True, 'kernel_initializer': {'module': 'keras.initializers', 'class_name': 'GlorotUniform', 'config': {'seed': None}, 'registered_name': None}, 'bias_initializer': {'module': 'keras.initializers', 'class_name': 'Zeros', 'config': {}, 'registered_name': None}, 'kernel_regularizer': None, 'bias_regularizer': None, 'kernel_constraint': None, 'bias_constraint': None}, 'registered_name': None, 'build_config': {'input_shape': (None, 128)}}], 'build_input_shape': (None, 45)}",0.9671407341957092,0.863491415977478,0.03353339061141014,0.945555567741394,0.5872318148612976,0.2663547992706299,500,256,10,32,False,False,False,,accuracy,macro,True
test_1020_0027,"{'name': 'sequential_44', 'trainable': True, 'dtype': {'module': 'keras', 'class_name': 'DTypePolicy', 'config': {'name': 'float32'}, 'registered_name': None}, 'layers': [{'module': 'keras.layers', 'class_name': 'InputLayer', 'config': {'batch_shape': (None, 45), 'dtype': 'float32', 'sparse': False, 'name': 'input_layer_35'}, 'registered_name': None}, {'module': 'keras.layers', 'class_name': 'Embedding', 'config': {'name': 'embedding_20', 'trainable': True, 'dtype': {'module': 'keras', 'class_name': 'DTypePolicy', 'config': {'name': 'float32'}, 'registered_name': None}, 'input_dim': 501, 'output_dim': 256, 'embeddings_initializer': {'module': 'keras.initializers', 'class_name': 'RandomUniform', 'config': {'seed': None, 'minval': -0.05, 'maxval': 0.05}, 'registered_name': None}, 'embeddings_regularizer': None, 'activity_regularizer': None, 'embeddings_constraint': None, 'mask_zero': False}, 'registered_name': None, 'build_config': {'input_shape': (None, 45)}}, {'module': 'keras.layers', 'class_name': 'Conv1D', 'config': {'name': 'conv1d_4', 'trainable': True, 'dtype': {'module': 'keras', 'class_name': 'DTypePolicy', 'config': {'name': 'float32'}, 'registered_name': None}, 'filters': 32, 'kernel_size': (3,), 'strides': (1,), 'padding': 'valid', 'data_format': 'channels_last', 'dilation_rate': (1,), 'groups': 1, 'activation': 'linear', 'use_bias': True, 'kernel_initializer': {'module': 'keras.initializers', 'class_name': 'GlorotUniform', 'config': {'seed': None}, 'registered_name': None}, 'bias_initializer': {'module': 'keras.initializers', 'class_name': 'Zeros', 'config': {}, 'registered_name': None}, 'kernel_regularizer': None, 'bias_regularizer': None, 'activity_regularizer': None, 'kernel_constraint': None, 'bias_constraint': None}, 'registered_name': None, 'build_config': {'input_shape': (None, 45, 256)}}, {'module': 'keras.layers', 'class_name': 'GlobalMaxPooling1D', 'config': {'name': 'global_max_pooling1d_7', 'trainable': True, 'dtype': {'module': 'keras', 'class_name': 'DTypePolicy', 'config': {'name': 'float32'}, 'registered_name': None}, 'data_format': 'channels_last', 'keepdims': False}, 'registered_name': None}, {'module': 'keras.layers', 'class_name': 'Dense', 'config': {'name': 'dense_72', 'trainable': True, 'dtype': {'module': 'keras', 'class_name': 'DTypePolicy', 'config': {'name': 'float32'}, 'registered_name': None}, 'units': 128, 'activation': 'relu', 'use_bias': True, 'kernel_initializer': {'module': 'keras.initializers', 'class_name': 'GlorotUniform', 'config': {'seed': None}, 'registered_name': None}, 'bias_initializer': {'module': 'keras.initializers', 'class_name': 'Zeros', 'config': {}, 'registered_name': None}, 'kernel_regularizer': None, 'bias_regularizer': None, 'kernel_constraint': None, 'bias_constraint': None}, 'registered_name': None, 'build_config': {'input_shape': (None, 32)}}, {'module': 'keras.layers', 'class_name': 'Dense', 'config': {'name': 'dense_73', 'trainable': True, 'dtype': {'module': 'keras', 'class_name': 'DTypePolicy', 'config': {'name': 'float32'}, 'registered_name': None}, 'units': 22, 'activation': 'softmax', 'use_bias': True, 'kernel_initializer': {'module': 'keras.initializers', 'class_name': 'GlorotUniform', 'config': {'seed': None}, 'registered_name': None}, 'bias_initializer': {'module': 'keras.initializers', 'class_name': 'Zeros', 'config': {}, 'registered_name': None}, 'kernel_regularizer': None, 'bias_regularizer': None, 'kernel_constraint': None, 'bias_constraint': None}, 'registered_name': None, 'build_config': {'input_shape': (None, 128)}}], 'build_input_shape': (None, 45)}",0.9664050936698914,0.9190102219581604,0.028822243213653564,0.9466666579246521,0.6143258810043335,0.25706636905670166,500,256,10,32,False,False,False,,accuracy,macro,True
test_1020_0027,"{'name': 'sequential_46', 'trainable': True, 'dtype': {'module': 'keras', 'class_name': 'DTypePolicy', 'config': {'name': 'float32'}, 'registered_name': None}, 'layers': [{'module': 'keras.layers', 'class_name': 'InputLayer', 'config': {'batch_shape': (None, 45), 'dtype': 'float32', 'sparse': False, 'name': 'input_layer_36'}, 'registered_name': None}, {'module': 'keras.layers', 'class_name': 'Embedding', 'config': {'name': 'embedding_21', 'trainable': True, 'dtype': {'module': 'keras', 'class_name': 'DTypePolicy', 'config': {'name': 'float32'}, 'registered_name': None}, 'input_dim': 501, 'output_dim': 256, 'embeddings_initializer': {'module': 'keras.initializers', 'class_name': 'RandomUniform', 'config': {'seed': None, 'minval': -0.05, 'maxval': 0.05}, 'registered_name': None}, 'embeddings_regularizer': None, 'activity_regularizer': None, 'embeddings_constraint': None, 'mask_zero': False}, 'registered_name': None, 'build_config': {'input_shape': (None, 45)}}, {'module': 'keras.layers', 'class_name': 'Conv1D', 'config': {'name': 'conv1d_5', 'trainable': True, 'dtype': {'module': 'keras', 'class_name': 'DTypePolicy', 'config': {'name': 'float32'}, 'registered_name': None}, 'filters': 32, 'kernel_size': (3,), 'strides': (1,), 'padding': 'valid', 'data_format': 'channels_last', 'dilation_rate': (1,), 'groups': 1, 'activation': 'linear', 'use_bias': True, 'kernel_initializer': {'module': 'keras.initializers', 'class_name': 'GlorotUniform', 'config': {'seed': None}, 'registered_name': None}, 'bias_initializer': {'module': 'keras.initializers', 'class_name': 'Zeros', 'config': {}, 'registered_name': None}, 'kernel_regularizer': None, 'bias_regularizer': None, 'activity_regularizer': None, 'kernel_constraint': None, 'bias_constraint': None}, 'registered_name': None, 'build_config': {'input_shape': (None, 45, 256)}}, {'module': 'keras.layers', 'class_name': 'GlobalMaxPooling1D', 'config': {'name': 'global_max_pooling1d_8', 'trainable': True, 'dtype': {'module': 'keras', 'class_name': 'DTypePolicy', 'config': {'name': 'float32'}, 'registered_name': None}, 'data_format': 'channels_last', 'keepdims': False}, 'registered_name': None}, {'module': 'keras.layers', 'class_name': 'Dense', 'config': {'name': 'dense_74', 'trainable': True, 'dtype': {'module': 'keras', 'class_name': 'DTypePolicy', 'config': {'name': 'float32'}, 'registered_name': None}, 'units': 128, 'activation': 'relu', 'use_bias': True, 'kernel_initializer': {'module': 'keras.initializers', 'class_name': 'GlorotUniform', 'config': {'seed': None}, 'registered_name': None}, 'bias_initializer': {'module': 'keras.initializers', 'class_name': 'Zeros', 'config': {}, 'registered_name': None}, 'kernel_regularizer': None, 'bias_regularizer': None, 'kernel_constraint': None, 'bias_constraint': None}, 'registered_name': None, 'build_config': {'input_shape': (None, 32)}}, {'module': 'keras.layers', 'class_name': 'Dense', 'config': {'name': 'dense_75', 'trainable': True, 'dtype': {'module': 'keras', 'class_name': 'DTypePolicy', 'config': {'name': 'float32'}, 'registered_name': None}, 'units': 22, 'activation': 'softmax', 'use_bias': True, 'kernel_initializer': {'module': 'keras.initializers', 'class_name': 'GlorotUniform', 'config': {'seed': None}, 'registered_name': None}, 'bias_initializer': {'module': 'keras.initializers', 'class_name': 'Zeros', 'config': {}, 'registered_name': None}, 'kernel_regularizer': None, 'bias_regularizer': None, 'kernel_constraint': None, 'bias_constraint': None}, 'registered_name': None, 'build_config': {'input_shape': (None, 128)}}], 'build_input_shape': (None, 45)}",0.9617459774017334,0.8596872687339783,0.03703100234270096,0.9244444370269775,0.5902510285377502,0.3308970332145691,500,256,10,32,False,False,False,,accuracy,macro,True
test_1020_0027,"{'name': 'sequential_48', 'trainable': True, 'dtype': {'module': 'keras', 'class_name': 'DTypePolicy', 'config': {'name': 'float32'}, 'registered_name': None}, 'layers': [{'module': 'keras.layers', 'class_name': 'InputLayer', 'config': {'batch_shape': (None, 45), 'dtype': 'float32', 'sparse': False, 'name': 'input_layer_37'}, 'registered_name': None}, {'module': 'keras.layers', 'class_name': 'Embedding', 'config': {'name': 'embedding_22', 'trainable': True, 'dtype': {'module': 'keras', 'class_name': 'DTypePolicy', 'config': {'name': 'float32'}, 'registered_name': None}, 'input_dim': 501, 'output_dim': 256, 'embeddings_initializer': {'module': 'keras.initializers', 'class_name': 'RandomUniform', 'config': {'seed': None, 'minval': -0.05, 'maxval': 0.05}, 'registered_name': None}, 'embeddings_regularizer': None, 'activity_regularizer': None, 'embeddings_constraint': None, 'mask_zero': False}, 'registered_name': None, 'build_config': {'input_shape': (None, 45)}}, {'module': 'keras.layers', 'class_name': 'Conv1D', 'config': {'name': 'conv1d_6', 'trainable': True, 'dtype': {'module': 'keras', 'class_name': 'DTypePolicy', 'config': {'name': 'float32'}, 'registered_name': None}, 'filters': 32, 'kernel_size': (3,), 'strides': (1,), 'padding': 'valid', 'data_format': 'channels_last', 'dilation_rate': (1,), 'groups': 1, 'activation': 'linear', 'use_bias': True, 'kernel_initializer': {'module': 'keras.initializers', 'class_name': 'GlorotUniform', 'config': {'seed': None}, 'registered_name': None}, 'bias_initializer': {'module': 'keras.initializers', 'class_name': 'Zeros', 'config': {}, 'registered_name': None}, 'kernel_regularizer': None, 'bias_regularizer': None, 'activity_regularizer': None, 'kernel_constraint': None, 'bias_constraint': None}, 'registered_name': None, 'build_config': {'input_shape': (None, 45, 256)}}, {'module': 'keras.layers', 'class_name': 'GlobalMaxPooling1D', 'config': {'name': 'global_max_pooling1d_9', 'trainable': True, 'dtype': {'module': 'keras', 'class_name': 'DTypePolicy', 'config': {'name': 'float32'}, 'registered_name': None}, 'data_format': 'channels_last', 'keepdims': False}, 'registered_name': None}, {'module': 'keras.layers', 'class_name': 'Dense', 'config': {'name': 'dense_76', 'trainable': True, 'dtype': {'module': 'keras', 'class_name': 'DTypePolicy', 'config': {'name': 'float32'}, 'registered_name': None}, 'units': 128, 'activation': 'relu', 'use_bias': True, 'kernel_initializer': {'module': 'keras.initializers', 'class_name': 'GlorotUniform', 'config': {'seed': None}, 'registered_name': None}, 'bias_initializer': {'module': 'keras.initializers', 'class_name': 'Zeros', 'config': {}, 'registered_name': None}, 'kernel_regularizer': None, 'bias_regularizer': None, 'kernel_constraint': None, 'bias_constraint': None}, 'registered_name': None, 'build_config': {'input_shape': (None, 32)}}, {'module': 'keras.layers', 'class_name': 'Dense', 'config': {'name': 'dense_77', 'trainable': True, 'dtype': {'module': 'keras', 'class_name': 'DTypePolicy', 'config': {'name': 'float32'}, 'registered_name': None}, 'units': 22, 'activation': 'softmax', 'use_bias': True, 'kernel_initializer': {'module': 'keras.initializers', 'class_name': 'GlorotUniform', 'config': {'seed': None}, 'registered_name': None}, 'bias_initializer': {'module': 'keras.initializers', 'class_name': 'Zeros', 'config': {}, 'registered_name': None}, 'kernel_regularizer': None, 'bias_regularizer': None, 'kernel_constraint': None, 'bias_constraint': None}, 'registered_name': None, 'build_config': {'input_shape': (None, 128)}}], 'build_input_shape': (None, 45)}",0.959538996219635,0.9092134833335876,0.02981087937951088,0.9322222471237183,0.5808156728744507,0.28624647855758667,500,256,10,32,False,False,False,,accuracy,macro,True
test_1020_0027,"{'name': 'sequential_51', 'trainable': True, 'dtype': {'module': 'keras', 'class_name': 'DTypePolicy', 'config': {'name': 'float32'}, 'registered_name': None}, 'layers': [{'module': 'keras.layers', 'class_name': 'InputLayer', 'config': {'batch_shape': (None, 45), 'dtype': 'float32', 'sparse': False, 'name': 'input_layer_39'}, 'registered_name': None}, {'module': 'keras.layers', 'class_name': 'Embedding', 'config': {'name': 'embedding_24', 'trainable': True, 'dtype': {'module': 'keras', 'class_name': 'DTypePolicy', 'config': {'name': 'float32'}, 'registered_name': None}, 'input_dim': 501, 'output_dim': 256, 'embeddings_initializer': {'module': 'keras.initializers', 'class_name': 'RandomUniform', 'config': {'seed': None, 'minval': -0.05, 'maxval': 0.05}, 'registered_name': None}, 'embeddings_regularizer': None, 'activity_regularizer': None, 'embeddings_constraint': None, 'mask_zero': False}, 'registered_name': None, 'build_config': {'input_shape': (None, 45)}}, {'module': 'keras.layers', 'class_name': 'Conv1D', 'config': {'name': 'conv1d_7', 'trainable': True, 'dtype': {'module': 'keras', 'class_name': 'DTypePolicy', 'config': {'name': 'float32'}, 'registered_name': None}, 'filters': 32, 'kernel_size': (3,), 'strides': (1,), 'padding': 'valid', 'data_format': 'channels_last', 'dilation_rate': (1,), 'groups': 1, 'activation': 'linear', 'use_bias': True, 'kernel_initializer': {'module': 'keras.initializers', 'class_name': 'GlorotUniform', 'config': {'seed': None}, 'registered_name': None}, 'bias_initializer': {'module': 'keras.initializers', 'class_name': 'Zeros', 'config': {}, 'registered_name': None}, 'kernel_regularizer': None, 'bias_regularizer': None, 'activity_regularizer': None, 'kernel_constraint': None, 'bias_constraint': None}, 'registered_name': None, 'build_config': {'input_shape': (None, 45, 256)}}, {'module': 'keras.layers', 'class_name': 'GlobalMaxPooling1D', 'config': {'name': 'global_max_pooling1d_10', 'trainable': True, 'dtype': {'module': 'keras', 'class_name': 'DTypePolicy', 'config': {'name': 'float32'}, 'registered_name': None}, 'data_format': 'channels_last', 'keepdims': False}, 'registered_name': None}, {'module': 'keras.layers', 'class_name': 'Dense', 'config': {'name': 'dense_78', 'trainable': True, 'dtype': {'module': 'keras', 'class_name': 'DTypePolicy', 'config': {'name': 'float32'}, 'registered_name': None}, 'units': 128, 'activation': 'relu', 'use_bias': True, 'kernel_initializer': {'module': 'keras.initializers', 'class_name': 'GlorotUniform', 'config': {'seed': None}, 'registered_name': None}, 'bias_initializer': {'module': 'keras.initializers', 'class_name': 'Zeros', 'config': {}, 'registered_name': None}, 'kernel_regularizer': None, 'bias_regularizer': None, 'kernel_constraint': None, 'bias_constraint': None}, 'registered_name': None, 'build_config': {'input_shape': (None, 32)}}, {'module': 'keras.layers', 'class_name': 'Dense', 'config': {'name': 'dense_80', 'trainable': True, 'dtype': {'module': 'keras', 'class_name': 'DTypePolicy', 'config': {'name': 'float32'}, 'registered_name': None}, 'units': 22, 'activation': 'softmax', 'use_bias': True, 'kernel_initializer': {'module': 'keras.initializers', 'class_name': 'GlorotUniform', 'config': {'seed': None}, 'registered_name': None}, 'bias_initializer': {'module': 'keras.initializers', 'class_name': 'Zeros', 'config': {}, 'registered_name': None}, 'kernel_regularizer': None, 'bias_regularizer': None, 'kernel_constraint': None, 'bias_constraint': None}, 'registered_name': None, 'build_config': {'input_shape': (None, 128)}}], 'build_input_shape': (None, 45)}",0.9619421243667603,0.8996995270252228,0.03224451970309019,0.9357777774333954,0.5777619481086731,0.2806778967380524,500,256,10,32,False,False,False,,accuracy,macro,True
test_1020_0038,"{'name': 'sequential_1', 'trainable': True, 'dtype': {'module': 'keras', 'class_name': 'DTypePolicy', 'config': {'name': 'float32'}, 'registered_name': None}, 'layers': [{'module': 'keras.layers', 'class_name': 'InputLayer', 'config': {'batch_shape': (None, 45), 'dtype': 'float32', 'sparse': False, 'name': 'input_layer'}, 'registered_name': None}, {'module': 'keras.layers', 'class_name': 'Embedding', 'config': {'name': 'embedding', 'trainable': True, 'dtype': {'module': 'keras', 'class_name': 'DTypePolicy', 'config': {'name': 'float32'}, 'registered_name': None}, 'input_dim': 501, 'output_dim': 256, 'embeddings_initializer': {'module': 'keras.initializers', 'class_name': 'RandomUniform', 'config': {'seed': None, 'minval': -0.05, 'maxval': 0.05}, 'registered_name': None}, 'embeddings_regularizer': None, 'activity_regularizer': None, 'embeddings_constraint': None, 'mask_zero': False}, 'registered_name': None, 'build_config': {'input_shape': (None, 45)}}, {'module': 'keras.layers', 'class_name': 'Conv1D', 'config': {'name': 'conv1d', 'trainable': True, 'dtype': {'module': 'keras', 'class_name': 'DTypePolicy', 'config': {'name': 'float32'}, 'registered_name': None}, 'filters': 32, 'kernel_size': (3,), 'strides': (1,), 'padding': 'valid', 'data_format': 'channels_last', 'dilation_rate': (1,), 'groups': 1, 'activation': 'linear', 'use_bias': True, 'kernel_initializer': {'module': 'keras.initializers', 'class_name': 'GlorotUniform', 'config': {'seed': None}, 'registered_name': None}, 'bias_initializer': {'module': 'keras.initializers', 'class_name': 'Zeros', 'config': {}, 'registered_name': None}, 'kernel_regularizer': None, 'bias_regularizer': None, 'activity_regularizer': None, 'kernel_constraint': None, 'bias_constraint': None}, 'registered_name': None, 'build_config': {'input_shape': (None, 45, 256)}}, {'module': 'keras.layers', 'class_name': 'GlobalMaxPooling1D', 'config': {'name': 'global_max_pooling1d', 'trainable': True, 'dtype': {'module': 'keras', 'class_name': 'DTypePolicy', 'config': {'name': 'float32'}, 'registered_name': None}, 'data_format': 'channels_last', 'keepdims': False}, 'registered_name': None}, {'module': 'keras.layers', 'class_name': 'Dense', 'config': {'name': 'dense', 'trainable': True, 'dtype': {'module': 'keras', 'class_name': 'DTypePolicy', 'config': {'name': 'float32'}, 'registered_name': None}, 'units': 128, 'activation': 'relu', 'use_bias': True, 'kernel_initializer': {'module': 'keras.initializers', 'class_name': 'GlorotUniform', 'config': {'seed': None}, 'registered_name': None}, 'bias_initializer': {'module': 'keras.initializers', 'class_name': 'Zeros', 'config': {}, 'registered_name': None}, 'kernel_regularizer': None, 'bias_regularizer': None, 'kernel_constraint': None, 'bias_constraint': None}, 'registered_name': None, 'build_config': {'input_shape': (None, 32)}}, {'module': 'keras.layers', 'class_name': 'Dense', 'config': {'name': 'dense_1', 'trainable': True, 'dtype': {'module': 'keras', 'class_name': 'DTypePolicy', 'config': {'name': 'float32'}, 'registered_name': None}, 'units': 22, 'activation': 'softmax', 'use_bias': True, 'kernel_initializer': {'module': 'keras.initializers', 'class_name': 'GlorotUniform', 'config': {'seed': None}, 'registered_name': None}, 'bias_initializer': {'module': 'keras.initializers', 'class_name': 'Zeros', 'config': {}, 'registered_name': None}, 'kernel_regularizer': None, 'bias_regularizer': None, 'kernel_constraint': None, 'bias_constraint': None}, 'registered_name': None, 'build_config': {'input_shape': (None, 128)}}], 'build_input_shape': (None, 45)}",0.9610102772712708,0.904714047908783,0.03268967196345329,0.9355555772781372,0.5667823553085327,0.3092289865016937,500,256,10,32,False,False,False,,accuracy,macro,True
test_1020_0045,"{'name': 'sequential_5', 'trainable': True, 'dtype': {'module': 'keras', 'class_name': 'DTypePolicy', 'config': {'name': 'float32'}, 'registered_name': None}, 'layers': [{'module': 'keras.layers', 'class_name': 'InputLayer', 'config': {'batch_shape': (None, 45), 'dtype': 'float32', 'sparse': False, 'name': 'input_layer_4'}, 'registered_name': None}, {'module': 'keras.layers', 'class_name': 'Embedding', 'config': {'name': 'embedding_2', 'trainable': True, 'dtype': {'module': 'keras', 'class_name': 'DTypePolicy', 'config': {'name': 'float32'}, 'registered_name': None}, 'input_dim': 501, 'output_dim': 256, 'embeddings_initializer': {'module': 'keras.initializers', 'class_name': 'RandomUniform', 'config': {'seed': None, 'minval': -0.05, 'maxval': 0.05}, 'registered_name': None}, 'embeddings_regularizer': None, 'activity_regularizer': None, 'embeddings_constraint': None, 'mask_zero': False}, 'registered_name': None, 'build_config': {'input_shape': (None, 45)}}, {'module': 'keras.layers', 'class_name': 'Conv1D', 'config': {'name': 'conv1d', 'trainable': True, 'dtype': {'module': 'keras', 'class_name': 'DTypePolicy', 'config': {'name': 'float32'}, 'registered_name': None}, 'filters': 32, 'kernel_size': (3,), 'strides': (1,), 'padding': 'valid', 'data_format': 'channels_last', 'dilation_rate': (1,), 'groups': 1, 'activation': 'linear', 'use_bias': True, 'kernel_initializer': {'module': 'keras.initializers', 'class_name': 'GlorotUniform', 'config': {'seed': None}, 'registered_name': None}, 'bias_initializer': {'module': 'keras.initializers', 'class_name': 'Zeros', 'config': {}, 'registered_name': None}, 'kernel_regularizer': None, 'bias_regularizer': None, 'activity_regularizer': None, 'kernel_constraint': None, 'bias_constraint': None}, 'registered_name': None, 'build_config': {'input_shape': (None, 45, 256)}}, {'module': 'keras.layers', 'class_name': 'GlobalMaxPooling1D', 'config': {'name': 'global_max_pooling1d', 'trainable': True, 'dtype': {'module': 'keras', 'class_name': 'DTypePolicy', 'config': {'name': 'float32'}, 'registered_name': None}, 'data_format': 'channels_last', 'keepdims': False}, 'registered_name': None}, {'module': 'keras.layers', 'class_name': 'Dense', 'config': {'name': 'dense_6', 'trainable': True, 'dtype': {'module': 'keras', 'class_name': 'DTypePolicy', 'config': {'name': 'float32'}, 'registered_name': None}, 'units': 128, 'activation': 'relu', 'use_bias': True, 'kernel_initializer': {'module': 'keras.initializers', 'class_name': 'GlorotUniform', 'config': {'seed': None}, 'registered_name': None}, 'bias_initializer': {'module': 'keras.initializers', 'class_name': 'Zeros', 'config': {}, 'registered_name': None}, 'kernel_regularizer': None, 'bias_regularizer': None, 'kernel_constraint': None, 'bias_constraint': None}, 'registered_name': None, 'build_config': {'input_shape': (None, 32)}}, {'module': 'keras.layers', 'class_name': 'Dense', 'config': {'name': 'dense_9', 'trainable': True, 'dtype': {'module': 'keras', 'class_name': 'DTypePolicy', 'config': {'name': 'float32'}, 'registered_name': None}, 'units': 22, 'activation': 'softmax', 'use_bias': True, 'kernel_initializer': {'module': 'keras.initializers', 'class_name': 'GlorotUniform', 'config': {'seed': None}, 'registered_name': None}, 'bias_initializer': {'module': 'keras.initializers', 'class_name': 'Zeros', 'config': {}, 'registered_name': None}, 'kernel_regularizer': None, 'bias_regularizer': None, 'kernel_constraint': None, 'bias_constraint': None}, 'registered_name': None, 'build_config': {'input_shape': (None, 128)}}], 'build_input_shape': (None, 45)}",0.9627268115679423,0.8819027145703634,0.03232472948729992,0.9344444473584493,0.5865242878595988,0.2953902582327525,500,256,10,32,False,False,False,,accuracy,macro,True
test_1020_0045,"{'name': 'sequential_7', 'trainable': True, 'dtype': {'module': 'keras', 'class_name': 'DTypePolicy', 'config': {'name': 'float32'}, 'registered_name': None}, 'layers': [{'module': 'keras.layers', 'class_name': 'InputLayer', 'config': {'batch_shape': (None, 45), 'dtype': 'float32', 'sparse': False, 'name': 'input_layer_5'}, 'registered_name': None}, {'module': 'keras.layers', 'class_name': 'Embedding', 'config': {'name': 'embedding_3', 'trainable': True, 'dtype': {'module': 'keras', 'class_name': 'DTypePolicy', 'config': {'name': 'float32'}, 'registered_name': None}, 'input_dim': 501, 'output_dim': 256, 'embeddings_initializer': {'module': 'keras.initializers', 'class_name': 'RandomUniform', 'config': {'seed': None, 'minval': -0.05, 'maxval': 0.05}, 'registered_name': None}, 'embeddings_regularizer': None, 'activity_regularizer': None, 'embeddings_constraint': None, 'mask_zero': False}, 'registered_name': None, 'build_config': {'input_shape': (None, 45)}}, {'module': 'keras.layers', 'class_name': 'Conv1D', 'config': {'name': 'conv1d_1', 'trainable': True, 'dtype': {'module': 'keras', 'class_name': 'DTypePolicy', 'config': {'name': 'float32'}, 'registered_name': None}, 'filters': 32, 'kernel_size': (3,), 'strides': (1,), 'padding': 'valid', 'data_format': 'channels_last', 'dilation_rate': (1,), 'groups': 1, 'activation': 'linear', 'use_bias': True, 'kernel_initializer': {'module': 'keras.initializers', 'class_name': 'GlorotUniform', 'config': {'seed': None}, 'registered_name': None}, 'bias_initializer': {'module': 'keras.initializers', 'class_name': 'Zeros', 'config': {}, 'registered_name': None}, 'kernel_regularizer': None, 'bias_regularizer': None, 'activity_regularizer': None, 'kernel_constraint': None, 'bias_constraint': None}, 'registered_name': None, 'build_config': {'input_shape': (None, 45, 256)}}, {'module': 'keras.layers', 'class_name': 'GlobalMaxPooling1D', 'config': {'name': 'global_max_pooling1d_1', 'trainable': True, 'dtype': {'module': 'keras', 'class_name': 'DTypePolicy', 'config': {'name': 'float32'}, 'registered_name': None}, 'data_format': 'channels_last', 'keepdims': False}, 'registered_name': None}, {'module': 'keras.layers', 'class_name': 'Dense', 'config': {'name': 'dense_10', 'trainable': True, 'dtype': {'module': 'keras', 'class_name': 'DTypePolicy', 'config': {'name': 'float32'}, 'registered_name': None}, 'units': 128, 'activation': 'relu', 'use_bias': True, 'kernel_initializer': {'module': 'keras.initializers', 'class_name': 'GlorotUniform', 'config': {'seed': None}, 'registered_name': None}, 'bias_initializer': {'module': 'keras.initializers', 'class_name': 'Zeros', 'config': {}, 'registered_name': None}, 'kernel_regularizer': None, 'bias_regularizer': None, 'kernel_constraint': None, 'bias_constraint': None}, 'registered_name': None, 'build_config': {'input_shape': (None, 32)}}, {'module': 'keras.layers', 'class_name': 'Dense', 'config': {'name': 'dense_11', 'trainable': True, 'dtype': {'module': 'keras', 'class_name': 'DTypePolicy', 'config': {'name': 'float32'}, 'registered_name': None}, 'units': 23, 'activation': 'softmax', 'use_bias': True, 'kernel_initializer': {'module': 'keras.initializers', 'class_name': 'GlorotUniform', 'config': {'seed': None}, 'registered_name': None}, 'bias_initializer': {'module': 'keras.initializers', 'class_name': 'Zeros', 'config': {}, 'registered_name': None}, 'kernel_regularizer': None, 'bias_regularizer': None, 'kernel_constraint': None, 'bias_constraint': None}, 'registered_name': None, 'build_config': {'input_shape': (None, 128)}}], 'build_input_shape': (None, 45)}",0.9908567865689596,0.973106324672699,0.00751916691660881,0.9651851852734884,0.6180537541707357,0.15699020524819693,500,256,10,32,False,False,False,,accuracy,macro,True
test_1020_0045,"{'name': 'sequential_12', 'trainable': True, 'dtype': {'module': 'keras', 'class_name': 'DTypePolicy', 'config': {'name': 'float32'}, 'registered_name': None}, 'layers': [{'module': 'keras.layers', 'class_name': 'InputLayer', 'config': {'batch_shape': (None, 45), 'dtype': 'float32', 'sparse': False, 'name': 'input_layer_9'}, 'registered_name': None}, {'module': 'keras.layers', 'class_name': 'Embedding', 'config': {'name': 'embedding_7', 'trainable': True, 'dtype': {'module': 'keras', 'class_name': 'DTypePolicy', 'config': {'name': 'float32'}, 'registered_name': None}, 'input_dim': 501, 'output_dim': 256, 'embeddings_initializer': {'module': 'keras.initializers', 'class_name': 'RandomUniform', 'config': {'seed': None, 'minval': -0.05, 'maxval': 0.05}, 'registered_name': None}, 'embeddings_regularizer': None, 'activity_regularizer': None, 'embeddings_constraint': None, 'mask_zero': False}, 'registered_name': None, 'build_config': {'input_shape': (None, 45)}}, {'module': 'keras.layers', 'class_name': 'Conv1D', 'config': {'name': 'conv1d_2', 'trainable': True, 'dtype': {'module': 'keras', 'class_name': 'DTypePolicy', 'config': {'name': 'float32'}, 'registered_name': None}, 'filters': 32, 'kernel_size': (3,), 'strides': (1,), 'padding': 'valid', 'data_format': 'channels_last', 'dilation_rate': (1,), 'groups': 1, 'activation': 'linear', 'use_bias': True, 'kernel_initializer': {'module': 'keras.initializers', 'class_name': 'GlorotUniform', 'config': {'seed': None}, 'registered_name': None}, 'bias_initializer': {'module': 'keras.initializers', 'class_name': 'Zeros', 'config': {}, 'registered_name': None}, 'kernel_regularizer': None, 'bias_regularizer': None, 'activity_regularizer': None, 'kernel_constraint': None, 'bias_constraint': None}, 'registered_name': None, 'build_config': {'input_shape': (None, 45, 256)}}, {'module': 'keras.layers', 'class_name': 'GlobalMaxPooling1D', 'config': {'name': 'global_max_pooling1d_2', 'trainable': True, 'dtype': {'module': 'keras', 'class_name': 'DTypePolicy', 'config': {'name': 'float32'}, 'registered_name': None}, 'data_format': 'channels_last', 'keepdims': False}, 'registered_name': None}, {'module': 'keras.layers', 'class_name': 'Dense', 'config': {'name': 'dense_14', 'trainable': True, 'dtype': {'module': 'keras', 'class_name': 'DTypePolicy', 'config': {'name': 'float32'}, 'registered_name': None}, 'units': 128, 'activation': 'relu', 'use_bias': True, 'kernel_initializer': {'module': 'keras.initializers', 'class_name': 'GlorotUniform', 'config': {'seed': None}, 'registered_name': None}, 'bias_initializer': {'module': 'keras.initializers', 'class_name': 'Zeros', 'config': {}, 'registered_name': None}, 'kernel_regularizer': None, 'bias_regularizer': None, 'kernel_constraint': None, 'bias_constraint': None}, 'registered_name': None, 'build_config': {'input_shape': (None, 32)}}, {'module': 'keras.layers', 'class_name': 'Dense', 'config': {'name': 'dense_16', 'trainable': True, 'dtype': {'module': 'keras', 'class_name': 'DTypePolicy', 'config': {'name': 'float32'}, 'registered_name': None}, 'units': 22, 'activation': 'softmax', 'use_bias': True, 'kernel_initializer': {'module': 'keras.initializers', 'class_name': 'GlorotUniform', 'config': {'seed': None}, 'registered_name': None}, 'bias_initializer': {'module': 'keras.initializers', 'class_name': 'Zeros', 'config': {}, 'registered_name': None}, 'kernel_regularizer': None, 'bias_regularizer': None, 'kernel_constraint': None, 'bias_constraint': None}, 'registered_name': None, 'build_config': {'input_shape': (None, 128)}}], 'build_input_shape': (None, 45)}",0.959538996219635,0.8845250487327576,0.036523645371198656,0.9300000071525574,0.5744327187538147,0.292831152677536,500,256,10,32,False,False,False,,accuracy,macro,True
test_1020_0045,"{'name': 'sequential_19', 'trainable': True, 'dtype': {'module': 'keras', 'class_name': 'DTypePolicy', 'config': {'name': 'float32'}, 'registered_name': None}, 'layers': [{'module': 'keras.layers', 'class_name': 'InputLayer', 'config': {'batch_shape': (None, 45), 'dtype': 'float32', 'sparse': False, 'name': 'input_layer_15'}, 'registered_name': None}, {'module': 'keras.layers', 'class_name': 'Embedding', 'config': {'name': 'embedding_13', 'trainable': True, 'dtype': {'module': 'keras', 'class_name': 'DTypePolicy', 'config': {'name': 'float32'}, 'registered_name': None}, 'input_dim': 501, 'output_dim': 256, 'embeddings_initializer': {'module': 'keras.initializers', 'class_name': 'RandomUniform', 'config': {'seed': None, 'minval': -0.05, 'maxval': 0.05}, 'registered_name': None}, 'embeddings_regularizer': None, 'activity_regularizer': None, 'embeddings_constraint': None, 'mask_zero': False}, 'registered_name': None, 'build_config': {'input_shape': (None, 45)}}, {'module': 'keras.layers', 'class_name': 'Conv1D', 'config': {'name': 'conv1d_3', 'trainable': True, 'dtype': {'module': 'keras', 'class_name': 'DTypePolicy', 'config': {'name': 'float32'}, 'registered_name': None}, 'filters': 32, 'kernel_size': (3,), 'strides': (1,), 'padding': 'valid', 'data_format': 'channels_last', 'dilation_rate': (1,), 'groups': 1, 'activation': 'linear', 'use_bias': True, 'kernel_initializer': {'module': 'keras.initializers', 'class_name': 'GlorotUniform', 'config': {'seed': None}, 'registered_name': None}, 'bias_initializer': {'module': 'keras.initializers', 'class_name': 'Zeros', 'config': {}, 'registered_name': None}, 'kernel_regularizer': None, 'bias_regularizer': None, 'activity_regularizer': None, 'kernel_constraint': None, 'bias_constraint': None}, 'registered_name': None, 'build_config': {'input_shape': (None, 45, 256)}}, {'module': 'keras.layers', 'class_name': 'GlobalMaxPooling1D', 'config': {'name': 'global_max_pooling1d_3', 'trainable': True, 'dtype': {'module': 'keras', 'class_name': 'DTypePolicy', 'config': {'name': 'float32'}, 'registered_name': None}, 'data_format': 'channels_last', 'keepdims': False}, 'registered_name': None}, {'module': 'keras.layers', 'class_name': 'Dense', 'config': {'name': 'dense_20', 'trainable': True, 'dtype': {'module': 'keras', 'class_name': 'DTypePolicy', 'config': {'name': 'float32'}, 'registered_name': None}, 'units': 128, 'activation': 'relu', 'use_bias': True, 'kernel_initializer': {'module': 'keras.initializers', 'class_name': 'GlorotUniform', 'config': {'seed': None}, 'registered_name': None}, 'bias_initializer': {'module': 'keras.initializers', 'class_name': 'Zeros', 'config': {}, 'registered_name': None}, 'kernel_regularizer': None, 'bias_regularizer': None, 'kernel_constraint': None, 'bias_constraint': None}, 'registered_name': None, 'build_config': {'input_shape': (None, 32)}}, {'module': 'keras.layers', 'class_name': 'Dense', 'config': {'name': 'dense_23', 'trainable': True, 'dtype': {'module': 'keras', 'class_name': 'DTypePolicy', 'config': {'name': 'float32'}, 'registered_name': None}, 'units': 23, 'activation': 'softmax', 'use_bias': True, 'kernel_initializer': {'module': 'keras.initializers', 'class_name': 'GlorotUniform', 'config': {'seed': None}, 'registered_name': None}, 'bias_initializer': {'module': 'keras.initializers', 'class_name': 'Zeros', 'config': {}, 'registered_name': None}, 'kernel_regularizer': None, 'bias_regularizer': None, 'kernel_constraint': None, 'bias_constraint': None}, 'registered_name': None, 'build_config': {'input_shape': (None, 128)}}], 'build_input_shape': (None, 45)}",0.9917166233062744,0.9780826926231384,0.005469044484198093,0.9635555624961853,0.6057119607925415,0.16394150257110596,500,256,10,32,False,False,False,,accuracy,macro,True
