architecture_name,summary,best_model_training_acc,best_model_training_f1,best_model_validation_acc,best_model_validation_f1,vocab_size,embedding_dim,epochs,batch_size,lemmatize,stem,remove_stopwords,custom_stopwords,selection_metric,f1_type,use_class_weights
test_1019_1254,"{'name': 'sequential_5', 'trainable': True, 'dtype': 'float32', 'layers': [{'module': 'keras.layers', 'class_name': 'InputLayer', 'config': {'batch_shape': (None, 45), 'dtype': 'float32', 'sparse': False, 'name': 'input_layer_4'}, 'registered_name': None}, {'module': 'keras.layers', 'class_name': 'Embedding', 'config': {'name': 'embedding_4', 'trainable': True, 'dtype': 'float32', 'input_dim': 501, 'output_dim': 256, 'embeddings_initializer': {'module': 'keras.initializers', 'class_name': 'RandomUniform', 'config': {'minval': -0.05, 'maxval': 0.05, 'seed': None}, 'registered_name': None}, 'embeddings_regularizer': None, 'activity_regularizer': None, 'embeddings_constraint': None, 'mask_zero': False}, 'registered_name': None, 'build_config': {'input_shape': (None, 45)}}, {'module': 'keras.layers', 'class_name': 'GlobalMaxPooling1D', 'config': {'name': 'global_max_pooling1d', 'trainable': True, 'dtype': 'float32', 'data_format': 'channels_last', 'keepdims': False}, 'registered_name': None, 'build_config': {'input_shape': (None, 45, 256)}}, {'module': 'keras.layers', 'class_name': 'Dense', 'config': {'name': 'dense_4', 'trainable': True, 'dtype': 'float32', 'units': 22, 'activation': 'softmax', 'use_bias': True, 'kernel_initializer': {'module': 'keras.initializers', 'class_name': 'GlorotUniform', 'config': {'seed': None}, 'registered_name': None}, 'bias_initializer': {'module': 'keras.initializers', 'class_name': 'Zeros', 'config': {}, 'registered_name': None}, 'kernel_regularizer': None, 'bias_regularizer': None, 'kernel_constraint': None, 'bias_constraint': None}, 'registered_name': None, 'build_config': {'input_shape': (None, 256)}}], 'build_input_shape': (None, 45)}",0.9367337226867676,0.797685444355011,0.9233333468437195,0.6058964729309082,500,256,10,32,False,False,False,,accuracy,macro,True
test_1020_0027,"{'name': 'sequential_17', 'trainable': True, 'dtype': {'module': 'keras', 'class_name': 'DTypePolicy', 'config': {'name': 'float32'}, 'registered_name': None}, 'layers': [{'module': 'keras.layers', 'class_name': 'InputLayer', 'config': {'batch_shape': (None, 45), 'dtype': 'float32', 'sparse': False, 'name': 'input_layer_15'}, 'registered_name': None}, {'module': 'keras.layers', 'class_name': 'Embedding', 'config': {'name': 'embedding', 'trainable': True, 'dtype': {'module': 'keras', 'class_name': 'DTypePolicy', 'config': {'name': 'float32'}, 'registered_name': None}, 'input_dim': 501, 'output_dim': 256, 'embeddings_initializer': {'module': 'keras.initializers', 'class_name': 'RandomUniform', 'config': {'seed': None, 'minval': -0.05, 'maxval': 0.05}, 'registered_name': None}, 'embeddings_regularizer': None, 'activity_regularizer': None, 'embeddings_constraint': None, 'mask_zero': False}, 'registered_name': None, 'build_config': {'input_shape': (None, 45)}}, {'module': 'keras.layers', 'class_name': 'GlobalMaxPooling1D', 'config': {'name': 'global_max_pooling1d', 'trainable': True, 'dtype': {'module': 'keras', 'class_name': 'DTypePolicy', 'config': {'name': 'float32'}, 'registered_name': None}, 'data_format': 'channels_last', 'keepdims': False}, 'registered_name': None}, {'module': 'keras.layers', 'class_name': 'Dense', 'config': {'name': 'dense_45', 'trainable': True, 'dtype': {'module': 'keras', 'class_name': 'DTypePolicy', 'config': {'name': 'float32'}, 'registered_name': None}, 'units': 128, 'activation': 'relu', 'use_bias': True, 'kernel_initializer': {'module': 'keras.initializers', 'class_name': 'GlorotUniform', 'config': {'seed': None}, 'registered_name': None}, 'bias_initializer': {'module': 'keras.initializers', 'class_name': 'Zeros', 'config': {}, 'registered_name': None}, 'kernel_regularizer': None, 'bias_regularizer': None, 'kernel_constraint': None, 'bias_constraint': None}, 'registered_name': None, 'build_config': {'input_shape': (None, 256)}}, {'module': 'keras.layers', 'class_name': 'Dense', 'config': {'name': 'dense_46', 'trainable': True, 'dtype': {'module': 'keras', 'class_name': 'DTypePolicy', 'config': {'name': 'float32'}, 'registered_name': None}, 'units': 22, 'activation': 'softmax', 'use_bias': True, 'kernel_initializer': {'module': 'keras.initializers', 'class_name': 'GlorotUniform', 'config': {'seed': None}, 'registered_name': None}, 'bias_initializer': {'module': 'keras.initializers', 'class_name': 'Zeros', 'config': {}, 'registered_name': None}, 'kernel_regularizer': None, 'bias_regularizer': None, 'kernel_constraint': None, 'bias_constraint': None}, 'registered_name': None, 'build_config': {'input_shape': (None, 128)}}], 'build_input_shape': (None, 45)}",0.9563511610031128,0.8149278163909912,0.9444444179534912,0.6281967163085938,500,256,10,32,False,False,False,,accuracy,macro,True
test_1020_0027,"{'name': 'sequential_25', 'trainable': True, 'dtype': {'module': 'keras', 'class_name': 'DTypePolicy', 'config': {'name': 'float32'}, 'registered_name': None}, 'layers': [{'module': 'keras.layers', 'class_name': 'InputLayer', 'config': {'batch_shape': (None, 45), 'dtype': 'float32', 'sparse': False, 'name': 'input_layer_22'}, 'registered_name': None}, {'module': 'keras.layers', 'class_name': 'Embedding', 'config': {'name': 'embedding_7', 'trainable': True, 'dtype': {'module': 'keras', 'class_name': 'DTypePolicy', 'config': {'name': 'float32'}, 'registered_name': None}, 'input_dim': 501, 'output_dim': 256, 'embeddings_initializer': {'module': 'keras.initializers', 'class_name': 'RandomUniform', 'config': {'seed': None, 'minval': -0.05, 'maxval': 0.05}, 'registered_name': None}, 'embeddings_regularizer': None, 'activity_regularizer': None, 'embeddings_constraint': None, 'mask_zero': False}, 'registered_name': None, 'build_config': {'input_shape': (None, 45)}}, {'module': 'keras.layers', 'class_name': 'GlobalMaxPooling1D', 'config': {'name': 'global_max_pooling1d_1', 'trainable': True, 'dtype': {'module': 'keras', 'class_name': 'DTypePolicy', 'config': {'name': 'float32'}, 'registered_name': None}, 'data_format': 'channels_last', 'keepdims': False}, 'registered_name': None}, {'module': 'keras.layers', 'class_name': 'Dense', 'config': {'name': 'dense_51', 'trainable': True, 'dtype': {'module': 'keras', 'class_name': 'DTypePolicy', 'config': {'name': 'float32'}, 'registered_name': None}, 'units': 128, 'activation': 'relu', 'use_bias': True, 'kernel_initializer': {'module': 'keras.initializers', 'class_name': 'GlorotUniform', 'config': {'seed': None}, 'registered_name': None}, 'bias_initializer': {'module': 'keras.initializers', 'class_name': 'Zeros', 'config': {}, 'registered_name': None}, 'kernel_regularizer': None, 'bias_regularizer': None, 'kernel_constraint': None, 'bias_constraint': None}, 'registered_name': None, 'build_config': {'input_shape': (None, 256)}}, {'module': 'keras.layers', 'class_name': 'Dense', 'config': {'name': 'dense_54', 'trainable': True, 'dtype': {'module': 'keras', 'class_name': 'DTypePolicy', 'config': {'name': 'float32'}, 'registered_name': None}, 'units': 22, 'activation': 'softmax', 'use_bias': True, 'kernel_initializer': {'module': 'keras.initializers', 'class_name': 'GlorotUniform', 'config': {'seed': None}, 'registered_name': None}, 'bias_initializer': {'module': 'keras.initializers', 'class_name': 'Zeros', 'config': {}, 'registered_name': None}, 'kernel_regularizer': None, 'bias_regularizer': None, 'kernel_constraint': None, 'bias_constraint': None}, 'registered_name': None, 'build_config': {'input_shape': (None, 128)}}], 'build_input_shape': (None, 45)}",0.9617459774017334,0.8499954342842102,0.945555567741394,0.5858141779899597,500,256,10,32,False,False,False,,accuracy,macro,True
test_1020_0027,"{'name': 'sequential_29', 'trainable': True, 'dtype': {'module': 'keras', 'class_name': 'DTypePolicy', 'config': {'name': 'float32'}, 'registered_name': None}, 'layers': [{'module': 'keras.layers', 'class_name': 'InputLayer', 'config': {'batch_shape': (None, 45), 'dtype': 'float32', 'sparse': False, 'name': 'input_layer_25'}, 'registered_name': None}, {'module': 'keras.layers', 'class_name': 'Embedding', 'config': {'name': 'embedding_10', 'trainable': True, 'dtype': {'module': 'keras', 'class_name': 'DTypePolicy', 'config': {'name': 'float32'}, 'registered_name': None}, 'input_dim': 501, 'output_dim': 256, 'embeddings_initializer': {'module': 'keras.initializers', 'class_name': 'RandomUniform', 'config': {'seed': None, 'minval': -0.05, 'maxval': 0.05}, 'registered_name': None}, 'embeddings_regularizer': None, 'activity_regularizer': None, 'embeddings_constraint': None, 'mask_zero': False}, 'registered_name': None, 'build_config': {'input_shape': (None, 45)}}, {'module': 'keras.layers', 'class_name': 'GlobalMaxPooling1D', 'config': {'name': 'global_max_pooling1d_2', 'trainable': True, 'dtype': {'module': 'keras', 'class_name': 'DTypePolicy', 'config': {'name': 'float32'}, 'registered_name': None}, 'data_format': 'channels_last', 'keepdims': False}, 'registered_name': None}, {'module': 'keras.layers', 'class_name': 'Dense', 'config': {'name': 'dense_57', 'trainable': True, 'dtype': {'module': 'keras', 'class_name': 'DTypePolicy', 'config': {'name': 'float32'}, 'registered_name': None}, 'units': 128, 'activation': 'relu', 'use_bias': True, 'kernel_initializer': {'module': 'keras.initializers', 'class_name': 'GlorotUniform', 'config': {'seed': None}, 'registered_name': None}, 'bias_initializer': {'module': 'keras.initializers', 'class_name': 'Zeros', 'config': {}, 'registered_name': None}, 'kernel_regularizer': None, 'bias_regularizer': None, 'kernel_constraint': None, 'bias_constraint': None}, 'registered_name': None, 'build_config': {'input_shape': (None, 256)}}, {'module': 'keras.layers', 'class_name': 'Dense', 'config': {'name': 'dense_58', 'trainable': True, 'dtype': {'module': 'keras', 'class_name': 'DTypePolicy', 'config': {'name': 'float32'}, 'registered_name': None}, 'units': 22, 'activation': 'softmax', 'use_bias': True, 'kernel_initializer': {'module': 'keras.initializers', 'class_name': 'GlorotUniform', 'config': {'seed': None}, 'registered_name': None}, 'bias_initializer': {'module': 'keras.initializers', 'class_name': 'Zeros', 'config': {}, 'registered_name': None}, 'kernel_regularizer': None, 'bias_regularizer': None, 'kernel_constraint': None, 'bias_constraint': None}, 'registered_name': None, 'build_config': {'input_shape': (None, 128)}}], 'build_input_shape': (None, 45)}",0.9529181122779846,0.8363666534423828,0.9399999976158142,0.5877071022987366,500,256,10,32,False,False,False,,accuracy,macro,True
test_1020_0027,"{'name': 'sequential_38', 'trainable': True, 'dtype': {'module': 'keras', 'class_name': 'DTypePolicy', 'config': {'name': 'float32'}, 'registered_name': None}, 'layers': [{'module': 'keras.layers', 'class_name': 'InputLayer', 'config': {'batch_shape': (None, 45), 'dtype': 'float32', 'sparse': False, 'name': 'input_layer_32'}, 'registered_name': None}, {'module': 'keras.layers', 'class_name': 'Embedding', 'config': {'name': 'embedding_17', 'trainable': True, 'dtype': {'module': 'keras', 'class_name': 'DTypePolicy', 'config': {'name': 'float32'}, 'registered_name': None}, 'input_dim': 501, 'output_dim': 256, 'embeddings_initializer': {'module': 'keras.initializers', 'class_name': 'RandomUniform', 'config': {'seed': None, 'minval': -0.05, 'maxval': 0.05}, 'registered_name': None}, 'embeddings_regularizer': None, 'activity_regularizer': None, 'embeddings_constraint': None, 'mask_zero': False}, 'registered_name': None, 'build_config': {'input_shape': (None, 45)}}, {'module': 'keras.layers', 'class_name': 'Conv1D', 'config': {'name': 'conv1d_1', 'trainable': True, 'dtype': {'module': 'keras', 'class_name': 'DTypePolicy', 'config': {'name': 'float32'}, 'registered_name': None}, 'filters': 32, 'kernel_size': (3,), 'strides': (1,), 'padding': 'valid', 'data_format': 'channels_last', 'dilation_rate': (1,), 'groups': 1, 'activation': 'linear', 'use_bias': True, 'kernel_initializer': {'module': 'keras.initializers', 'class_name': 'GlorotUniform', 'config': {'seed': None}, 'registered_name': None}, 'bias_initializer': {'module': 'keras.initializers', 'class_name': 'Zeros', 'config': {}, 'registered_name': None}, 'kernel_regularizer': None, 'bias_regularizer': None, 'activity_regularizer': None, 'kernel_constraint': None, 'bias_constraint': None}, 'registered_name': None, 'build_config': {'input_shape': (None, 45, 256)}}, {'module': 'keras.layers', 'class_name': 'GlobalMaxPooling1D', 'config': {'name': 'global_max_pooling1d_4', 'trainable': True, 'dtype': {'module': 'keras', 'class_name': 'DTypePolicy', 'config': {'name': 'float32'}, 'registered_name': None}, 'data_format': 'channels_last', 'keepdims': False}, 'registered_name': None}, {'module': 'keras.layers', 'class_name': 'Dense', 'config': {'name': 'dense_66', 'trainable': True, 'dtype': {'module': 'keras', 'class_name': 'DTypePolicy', 'config': {'name': 'float32'}, 'registered_name': None}, 'units': 128, 'activation': 'relu', 'use_bias': True, 'kernel_initializer': {'module': 'keras.initializers', 'class_name': 'GlorotUniform', 'config': {'seed': None}, 'registered_name': None}, 'bias_initializer': {'module': 'keras.initializers', 'class_name': 'Zeros', 'config': {}, 'registered_name': None}, 'kernel_regularizer': None, 'bias_regularizer': None, 'kernel_constraint': None, 'bias_constraint': None}, 'registered_name': None, 'build_config': {'input_shape': (None, 32)}}, {'module': 'keras.layers', 'class_name': 'Dense', 'config': {'name': 'dense_67', 'trainable': True, 'dtype': {'module': 'keras', 'class_name': 'DTypePolicy', 'config': {'name': 'float32'}, 'registered_name': None}, 'units': 22, 'activation': 'softmax', 'use_bias': True, 'kernel_initializer': {'module': 'keras.initializers', 'class_name': 'GlorotUniform', 'config': {'seed': None}, 'registered_name': None}, 'bias_initializer': {'module': 'keras.initializers', 'class_name': 'Zeros', 'config': {}, 'registered_name': None}, 'kernel_regularizer': None, 'bias_regularizer': None, 'kernel_constraint': None, 'bias_constraint': None}, 'registered_name': None, 'build_config': {'input_shape': (None, 128)}}], 'build_input_shape': (None, 45)}",0.9619911909103394,0.8774222731590271,0.9344444274902344,0.5878690481185913,500,256,10,32,False,False,False,,accuracy,macro,True
test_1020_0027,"{'name': 'sequential_40', 'trainable': True, 'dtype': {'module': 'keras', 'class_name': 'DTypePolicy', 'config': {'name': 'float32'}, 'registered_name': None}, 'layers': [{'module': 'keras.layers', 'class_name': 'InputLayer', 'config': {'batch_shape': (None, 45), 'dtype': 'float32', 'sparse': False, 'name': 'input_layer_33'}, 'registered_name': None}, {'module': 'keras.layers', 'class_name': 'Embedding', 'config': {'name': 'embedding_18', 'trainable': True, 'dtype': {'module': 'keras', 'class_name': 'DTypePolicy', 'config': {'name': 'float32'}, 'registered_name': None}, 'input_dim': 501, 'output_dim': 256, 'embeddings_initializer': {'module': 'keras.initializers', 'class_name': 'RandomUniform', 'config': {'seed': None, 'minval': -0.05, 'maxval': 0.05}, 'registered_name': None}, 'embeddings_regularizer': None, 'activity_regularizer': None, 'embeddings_constraint': None, 'mask_zero': False}, 'registered_name': None, 'build_config': {'input_shape': (None, 45)}}, {'module': 'keras.layers', 'class_name': 'Conv1D', 'config': {'name': 'conv1d_2', 'trainable': True, 'dtype': {'module': 'keras', 'class_name': 'DTypePolicy', 'config': {'name': 'float32'}, 'registered_name': None}, 'filters': 32, 'kernel_size': (3,), 'strides': (1,), 'padding': 'valid', 'data_format': 'channels_last', 'dilation_rate': (1,), 'groups': 1, 'activation': 'linear', 'use_bias': True, 'kernel_initializer': {'module': 'keras.initializers', 'class_name': 'GlorotUniform', 'config': {'seed': None}, 'registered_name': None}, 'bias_initializer': {'module': 'keras.initializers', 'class_name': 'Zeros', 'config': {}, 'registered_name': None}, 'kernel_regularizer': None, 'bias_regularizer': None, 'activity_regularizer': None, 'kernel_constraint': None, 'bias_constraint': None}, 'registered_name': None, 'build_config': {'input_shape': (None, 45, 256)}}, {'module': 'keras.layers', 'class_name': 'GlobalMaxPooling1D', 'config': {'name': 'global_max_pooling1d_5', 'trainable': True, 'dtype': {'module': 'keras', 'class_name': 'DTypePolicy', 'config': {'name': 'float32'}, 'registered_name': None}, 'data_format': 'channels_last', 'keepdims': False}, 'registered_name': None}, {'module': 'keras.layers', 'class_name': 'Dense', 'config': {'name': 'dense_68', 'trainable': True, 'dtype': {'module': 'keras', 'class_name': 'DTypePolicy', 'config': {'name': 'float32'}, 'registered_name': None}, 'units': 128, 'activation': 'relu', 'use_bias': True, 'kernel_initializer': {'module': 'keras.initializers', 'class_name': 'GlorotUniform', 'config': {'seed': None}, 'registered_name': None}, 'bias_initializer': {'module': 'keras.initializers', 'class_name': 'Zeros', 'config': {}, 'registered_name': None}, 'kernel_regularizer': None, 'bias_regularizer': None, 'kernel_constraint': None, 'bias_constraint': None}, 'registered_name': None, 'build_config': {'input_shape': (None, 32)}}, {'module': 'keras.layers', 'class_name': 'Dense', 'config': {'name': 'dense_69', 'trainable': True, 'dtype': {'module': 'keras', 'class_name': 'DTypePolicy', 'config': {'name': 'float32'}, 'registered_name': None}, 'units': 22, 'activation': 'softmax', 'use_bias': True, 'kernel_initializer': {'module': 'keras.initializers', 'class_name': 'GlorotUniform', 'config': {'seed': None}, 'registered_name': None}, 'bias_initializer': {'module': 'keras.initializers', 'class_name': 'Zeros', 'config': {}, 'registered_name': None}, 'kernel_regularizer': None, 'bias_regularizer': None, 'kernel_constraint': None, 'bias_constraint': None}, 'registered_name': None, 'build_config': {'input_shape': (None, 128)}}], 'build_input_shape': (None, 45)}",0.9526728987693787,0.8482820987701416,0.9244444370269775,0.5752481818199158,500,256,10,32,False,False,False,,accuracy,macro,True
test_1020_0027,"{'name': 'sequential_42', 'trainable': True, 'dtype': {'module': 'keras', 'class_name': 'DTypePolicy', 'config': {'name': 'float32'}, 'registered_name': None}, 'layers': [{'module': 'keras.layers', 'class_name': 'InputLayer', 'config': {'batch_shape': (None, 45), 'dtype': 'float32', 'sparse': False, 'name': 'input_layer_34'}, 'registered_name': None}, {'module': 'keras.layers', 'class_name': 'Embedding', 'config': {'name': 'embedding_19', 'trainable': True, 'dtype': {'module': 'keras', 'class_name': 'DTypePolicy', 'config': {'name': 'float32'}, 'registered_name': None}, 'input_dim': 501, 'output_dim': 256, 'embeddings_initializer': {'module': 'keras.initializers', 'class_name': 'RandomUniform', 'config': {'seed': None, 'minval': -0.05, 'maxval': 0.05}, 'registered_name': None}, 'embeddings_regularizer': None, 'activity_regularizer': None, 'embeddings_constraint': None, 'mask_zero': False}, 'registered_name': None, 'build_config': {'input_shape': (None, 45)}}, {'module': 'keras.layers', 'class_name': 'Conv1D', 'config': {'name': 'conv1d_3', 'trainable': True, 'dtype': {'module': 'keras', 'class_name': 'DTypePolicy', 'config': {'name': 'float32'}, 'registered_name': None}, 'filters': 32, 'kernel_size': (3,), 'strides': (1,), 'padding': 'valid', 'data_format': 'channels_last', 'dilation_rate': (1,), 'groups': 1, 'activation': 'linear', 'use_bias': True, 'kernel_initializer': {'module': 'keras.initializers', 'class_name': 'GlorotUniform', 'config': {'seed': None}, 'registered_name': None}, 'bias_initializer': {'module': 'keras.initializers', 'class_name': 'Zeros', 'config': {}, 'registered_name': None}, 'kernel_regularizer': None, 'bias_regularizer': None, 'activity_regularizer': None, 'kernel_constraint': None, 'bias_constraint': None}, 'registered_name': None, 'build_config': {'input_shape': (None, 45, 256)}}, {'module': 'keras.layers', 'class_name': 'GlobalMaxPooling1D', 'config': {'name': 'global_max_pooling1d_6', 'trainable': True, 'dtype': {'module': 'keras', 'class_name': 'DTypePolicy', 'config': {'name': 'float32'}, 'registered_name': None}, 'data_format': 'channels_last', 'keepdims': False}, 'registered_name': None}, {'module': 'keras.layers', 'class_name': 'Dense', 'config': {'name': 'dense_70', 'trainable': True, 'dtype': {'module': 'keras', 'class_name': 'DTypePolicy', 'config': {'name': 'float32'}, 'registered_name': None}, 'units': 128, 'activation': 'relu', 'use_bias': True, 'kernel_initializer': {'module': 'keras.initializers', 'class_name': 'GlorotUniform', 'config': {'seed': None}, 'registered_name': None}, 'bias_initializer': {'module': 'keras.initializers', 'class_name': 'Zeros', 'config': {}, 'registered_name': None}, 'kernel_regularizer': None, 'bias_regularizer': None, 'kernel_constraint': None, 'bias_constraint': None}, 'registered_name': None, 'build_config': {'input_shape': (None, 32)}}, {'module': 'keras.layers', 'class_name': 'Dense', 'config': {'name': 'dense_71', 'trainable': True, 'dtype': {'module': 'keras', 'class_name': 'DTypePolicy', 'config': {'name': 'float32'}, 'registered_name': None}, 'units': 22, 'activation': 'softmax', 'use_bias': True, 'kernel_initializer': {'module': 'keras.initializers', 'class_name': 'GlorotUniform', 'config': {'seed': None}, 'registered_name': None}, 'bias_initializer': {'module': 'keras.initializers', 'class_name': 'Zeros', 'config': {}, 'registered_name': None}, 'kernel_regularizer': None, 'bias_regularizer': None, 'kernel_constraint': None, 'bias_constraint': None}, 'registered_name': None, 'build_config': {'input_shape': (None, 128)}}], 'build_input_shape': (None, 45)}",0.9671407341957092,0.863491415977478,0.945555567741394,0.5872318148612976,500,256,10,32,False,False,False,,accuracy,macro,True
test_1020_0027,"{'name': 'sequential_44', 'trainable': True, 'dtype': {'module': 'keras', 'class_name': 'DTypePolicy', 'config': {'name': 'float32'}, 'registered_name': None}, 'layers': [{'module': 'keras.layers', 'class_name': 'InputLayer', 'config': {'batch_shape': (None, 45), 'dtype': 'float32', 'sparse': False, 'name': 'input_layer_35'}, 'registered_name': None}, {'module': 'keras.layers', 'class_name': 'Embedding', 'config': {'name': 'embedding_20', 'trainable': True, 'dtype': {'module': 'keras', 'class_name': 'DTypePolicy', 'config': {'name': 'float32'}, 'registered_name': None}, 'input_dim': 501, 'output_dim': 256, 'embeddings_initializer': {'module': 'keras.initializers', 'class_name': 'RandomUniform', 'config': {'seed': None, 'minval': -0.05, 'maxval': 0.05}, 'registered_name': None}, 'embeddings_regularizer': None, 'activity_regularizer': None, 'embeddings_constraint': None, 'mask_zero': False}, 'registered_name': None, 'build_config': {'input_shape': (None, 45)}}, {'module': 'keras.layers', 'class_name': 'Conv1D', 'config': {'name': 'conv1d_4', 'trainable': True, 'dtype': {'module': 'keras', 'class_name': 'DTypePolicy', 'config': {'name': 'float32'}, 'registered_name': None}, 'filters': 32, 'kernel_size': (3,), 'strides': (1,), 'padding': 'valid', 'data_format': 'channels_last', 'dilation_rate': (1,), 'groups': 1, 'activation': 'linear', 'use_bias': True, 'kernel_initializer': {'module': 'keras.initializers', 'class_name': 'GlorotUniform', 'config': {'seed': None}, 'registered_name': None}, 'bias_initializer': {'module': 'keras.initializers', 'class_name': 'Zeros', 'config': {}, 'registered_name': None}, 'kernel_regularizer': None, 'bias_regularizer': None, 'activity_regularizer': None, 'kernel_constraint': None, 'bias_constraint': None}, 'registered_name': None, 'build_config': {'input_shape': (None, 45, 256)}}, {'module': 'keras.layers', 'class_name': 'GlobalMaxPooling1D', 'config': {'name': 'global_max_pooling1d_7', 'trainable': True, 'dtype': {'module': 'keras', 'class_name': 'DTypePolicy', 'config': {'name': 'float32'}, 'registered_name': None}, 'data_format': 'channels_last', 'keepdims': False}, 'registered_name': None}, {'module': 'keras.layers', 'class_name': 'Dense', 'config': {'name': 'dense_72', 'trainable': True, 'dtype': {'module': 'keras', 'class_name': 'DTypePolicy', 'config': {'name': 'float32'}, 'registered_name': None}, 'units': 128, 'activation': 'relu', 'use_bias': True, 'kernel_initializer': {'module': 'keras.initializers', 'class_name': 'GlorotUniform', 'config': {'seed': None}, 'registered_name': None}, 'bias_initializer': {'module': 'keras.initializers', 'class_name': 'Zeros', 'config': {}, 'registered_name': None}, 'kernel_regularizer': None, 'bias_regularizer': None, 'kernel_constraint': None, 'bias_constraint': None}, 'registered_name': None, 'build_config': {'input_shape': (None, 32)}}, {'module': 'keras.layers', 'class_name': 'Dense', 'config': {'name': 'dense_73', 'trainable': True, 'dtype': {'module': 'keras', 'class_name': 'DTypePolicy', 'config': {'name': 'float32'}, 'registered_name': None}, 'units': 22, 'activation': 'softmax', 'use_bias': True, 'kernel_initializer': {'module': 'keras.initializers', 'class_name': 'GlorotUniform', 'config': {'seed': None}, 'registered_name': None}, 'bias_initializer': {'module': 'keras.initializers', 'class_name': 'Zeros', 'config': {}, 'registered_name': None}, 'kernel_regularizer': None, 'bias_regularizer': None, 'kernel_constraint': None, 'bias_constraint': None}, 'registered_name': None, 'build_config': {'input_shape': (None, 128)}}], 'build_input_shape': (None, 45)}",0.9664050936698914,0.9190102219581604,0.9466666579246521,0.6143258810043335,500,256,10,32,False,False,False,,accuracy,macro,True
test_1020_0027,"{'name': 'sequential_46', 'trainable': True, 'dtype': {'module': 'keras', 'class_name': 'DTypePolicy', 'config': {'name': 'float32'}, 'registered_name': None}, 'layers': [{'module': 'keras.layers', 'class_name': 'InputLayer', 'config': {'batch_shape': (None, 45), 'dtype': 'float32', 'sparse': False, 'name': 'input_layer_36'}, 'registered_name': None}, {'module': 'keras.layers', 'class_name': 'Embedding', 'config': {'name': 'embedding_21', 'trainable': True, 'dtype': {'module': 'keras', 'class_name': 'DTypePolicy', 'config': {'name': 'float32'}, 'registered_name': None}, 'input_dim': 501, 'output_dim': 256, 'embeddings_initializer': {'module': 'keras.initializers', 'class_name': 'RandomUniform', 'config': {'seed': None, 'minval': -0.05, 'maxval': 0.05}, 'registered_name': None}, 'embeddings_regularizer': None, 'activity_regularizer': None, 'embeddings_constraint': None, 'mask_zero': False}, 'registered_name': None, 'build_config': {'input_shape': (None, 45)}}, {'module': 'keras.layers', 'class_name': 'Conv1D', 'config': {'name': 'conv1d_5', 'trainable': True, 'dtype': {'module': 'keras', 'class_name': 'DTypePolicy', 'config': {'name': 'float32'}, 'registered_name': None}, 'filters': 32, 'kernel_size': (3,), 'strides': (1,), 'padding': 'valid', 'data_format': 'channels_last', 'dilation_rate': (1,), 'groups': 1, 'activation': 'linear', 'use_bias': True, 'kernel_initializer': {'module': 'keras.initializers', 'class_name': 'GlorotUniform', 'config': {'seed': None}, 'registered_name': None}, 'bias_initializer': {'module': 'keras.initializers', 'class_name': 'Zeros', 'config': {}, 'registered_name': None}, 'kernel_regularizer': None, 'bias_regularizer': None, 'activity_regularizer': None, 'kernel_constraint': None, 'bias_constraint': None}, 'registered_name': None, 'build_config': {'input_shape': (None, 45, 256)}}, {'module': 'keras.layers', 'class_name': 'GlobalMaxPooling1D', 'config': {'name': 'global_max_pooling1d_8', 'trainable': True, 'dtype': {'module': 'keras', 'class_name': 'DTypePolicy', 'config': {'name': 'float32'}, 'registered_name': None}, 'data_format': 'channels_last', 'keepdims': False}, 'registered_name': None}, {'module': 'keras.layers', 'class_name': 'Dense', 'config': {'name': 'dense_74', 'trainable': True, 'dtype': {'module': 'keras', 'class_name': 'DTypePolicy', 'config': {'name': 'float32'}, 'registered_name': None}, 'units': 128, 'activation': 'relu', 'use_bias': True, 'kernel_initializer': {'module': 'keras.initializers', 'class_name': 'GlorotUniform', 'config': {'seed': None}, 'registered_name': None}, 'bias_initializer': {'module': 'keras.initializers', 'class_name': 'Zeros', 'config': {}, 'registered_name': None}, 'kernel_regularizer': None, 'bias_regularizer': None, 'kernel_constraint': None, 'bias_constraint': None}, 'registered_name': None, 'build_config': {'input_shape': (None, 32)}}, {'module': 'keras.layers', 'class_name': 'Dense', 'config': {'name': 'dense_75', 'trainable': True, 'dtype': {'module': 'keras', 'class_name': 'DTypePolicy', 'config': {'name': 'float32'}, 'registered_name': None}, 'units': 22, 'activation': 'softmax', 'use_bias': True, 'kernel_initializer': {'module': 'keras.initializers', 'class_name': 'GlorotUniform', 'config': {'seed': None}, 'registered_name': None}, 'bias_initializer': {'module': 'keras.initializers', 'class_name': 'Zeros', 'config': {}, 'registered_name': None}, 'kernel_regularizer': None, 'bias_regularizer': None, 'kernel_constraint': None, 'bias_constraint': None}, 'registered_name': None, 'build_config': {'input_shape': (None, 128)}}], 'build_input_shape': (None, 45)}",0.9617459774017334,0.8596872687339783,0.9244444370269775,0.5902510285377502,500,256,10,32,False,False,False,,accuracy,macro,True
test_1020_0027,"{'name': 'sequential_48', 'trainable': True, 'dtype': {'module': 'keras', 'class_name': 'DTypePolicy', 'config': {'name': 'float32'}, 'registered_name': None}, 'layers': [{'module': 'keras.layers', 'class_name': 'InputLayer', 'config': {'batch_shape': (None, 45), 'dtype': 'float32', 'sparse': False, 'name': 'input_layer_37'}, 'registered_name': None}, {'module': 'keras.layers', 'class_name': 'Embedding', 'config': {'name': 'embedding_22', 'trainable': True, 'dtype': {'module': 'keras', 'class_name': 'DTypePolicy', 'config': {'name': 'float32'}, 'registered_name': None}, 'input_dim': 501, 'output_dim': 256, 'embeddings_initializer': {'module': 'keras.initializers', 'class_name': 'RandomUniform', 'config': {'seed': None, 'minval': -0.05, 'maxval': 0.05}, 'registered_name': None}, 'embeddings_regularizer': None, 'activity_regularizer': None, 'embeddings_constraint': None, 'mask_zero': False}, 'registered_name': None, 'build_config': {'input_shape': (None, 45)}}, {'module': 'keras.layers', 'class_name': 'Conv1D', 'config': {'name': 'conv1d_6', 'trainable': True, 'dtype': {'module': 'keras', 'class_name': 'DTypePolicy', 'config': {'name': 'float32'}, 'registered_name': None}, 'filters': 32, 'kernel_size': (3,), 'strides': (1,), 'padding': 'valid', 'data_format': 'channels_last', 'dilation_rate': (1,), 'groups': 1, 'activation': 'linear', 'use_bias': True, 'kernel_initializer': {'module': 'keras.initializers', 'class_name': 'GlorotUniform', 'config': {'seed': None}, 'registered_name': None}, 'bias_initializer': {'module': 'keras.initializers', 'class_name': 'Zeros', 'config': {}, 'registered_name': None}, 'kernel_regularizer': None, 'bias_regularizer': None, 'activity_regularizer': None, 'kernel_constraint': None, 'bias_constraint': None}, 'registered_name': None, 'build_config': {'input_shape': (None, 45, 256)}}, {'module': 'keras.layers', 'class_name': 'GlobalMaxPooling1D', 'config': {'name': 'global_max_pooling1d_9', 'trainable': True, 'dtype': {'module': 'keras', 'class_name': 'DTypePolicy', 'config': {'name': 'float32'}, 'registered_name': None}, 'data_format': 'channels_last', 'keepdims': False}, 'registered_name': None}, {'module': 'keras.layers', 'class_name': 'Dense', 'config': {'name': 'dense_76', 'trainable': True, 'dtype': {'module': 'keras', 'class_name': 'DTypePolicy', 'config': {'name': 'float32'}, 'registered_name': None}, 'units': 128, 'activation': 'relu', 'use_bias': True, 'kernel_initializer': {'module': 'keras.initializers', 'class_name': 'GlorotUniform', 'config': {'seed': None}, 'registered_name': None}, 'bias_initializer': {'module': 'keras.initializers', 'class_name': 'Zeros', 'config': {}, 'registered_name': None}, 'kernel_regularizer': None, 'bias_regularizer': None, 'kernel_constraint': None, 'bias_constraint': None}, 'registered_name': None, 'build_config': {'input_shape': (None, 32)}}, {'module': 'keras.layers', 'class_name': 'Dense', 'config': {'name': 'dense_77', 'trainable': True, 'dtype': {'module': 'keras', 'class_name': 'DTypePolicy', 'config': {'name': 'float32'}, 'registered_name': None}, 'units': 22, 'activation': 'softmax', 'use_bias': True, 'kernel_initializer': {'module': 'keras.initializers', 'class_name': 'GlorotUniform', 'config': {'seed': None}, 'registered_name': None}, 'bias_initializer': {'module': 'keras.initializers', 'class_name': 'Zeros', 'config': {}, 'registered_name': None}, 'kernel_regularizer': None, 'bias_regularizer': None, 'kernel_constraint': None, 'bias_constraint': None}, 'registered_name': None, 'build_config': {'input_shape': (None, 128)}}], 'build_input_shape': (None, 45)}",0.959538996219635,0.9092134833335876,0.9322222471237183,0.5808156728744507,500,256,10,32,False,False,False,,accuracy,macro,True
test_1020_0027,"{'name': 'sequential_51', 'trainable': True, 'dtype': {'module': 'keras', 'class_name': 'DTypePolicy', 'config': {'name': 'float32'}, 'registered_name': None}, 'layers': [{'module': 'keras.layers', 'class_name': 'InputLayer', 'config': {'batch_shape': (None, 45), 'dtype': 'float32', 'sparse': False, 'name': 'input_layer_39'}, 'registered_name': None}, {'module': 'keras.layers', 'class_name': 'Embedding', 'config': {'name': 'embedding_24', 'trainable': True, 'dtype': {'module': 'keras', 'class_name': 'DTypePolicy', 'config': {'name': 'float32'}, 'registered_name': None}, 'input_dim': 501, 'output_dim': 256, 'embeddings_initializer': {'module': 'keras.initializers', 'class_name': 'RandomUniform', 'config': {'seed': None, 'minval': -0.05, 'maxval': 0.05}, 'registered_name': None}, 'embeddings_regularizer': None, 'activity_regularizer': None, 'embeddings_constraint': None, 'mask_zero': False}, 'registered_name': None, 'build_config': {'input_shape': (None, 45)}}, {'module': 'keras.layers', 'class_name': 'Conv1D', 'config': {'name': 'conv1d_7', 'trainable': True, 'dtype': {'module': 'keras', 'class_name': 'DTypePolicy', 'config': {'name': 'float32'}, 'registered_name': None}, 'filters': 32, 'kernel_size': (3,), 'strides': (1,), 'padding': 'valid', 'data_format': 'channels_last', 'dilation_rate': (1,), 'groups': 1, 'activation': 'linear', 'use_bias': True, 'kernel_initializer': {'module': 'keras.initializers', 'class_name': 'GlorotUniform', 'config': {'seed': None}, 'registered_name': None}, 'bias_initializer': {'module': 'keras.initializers', 'class_name': 'Zeros', 'config': {}, 'registered_name': None}, 'kernel_regularizer': None, 'bias_regularizer': None, 'activity_regularizer': None, 'kernel_constraint': None, 'bias_constraint': None}, 'registered_name': None, 'build_config': {'input_shape': (None, 45, 256)}}, {'module': 'keras.layers', 'class_name': 'GlobalMaxPooling1D', 'config': {'name': 'global_max_pooling1d_10', 'trainable': True, 'dtype': {'module': 'keras', 'class_name': 'DTypePolicy', 'config': {'name': 'float32'}, 'registered_name': None}, 'data_format': 'channels_last', 'keepdims': False}, 'registered_name': None}, {'module': 'keras.layers', 'class_name': 'Dense', 'config': {'name': 'dense_78', 'trainable': True, 'dtype': {'module': 'keras', 'class_name': 'DTypePolicy', 'config': {'name': 'float32'}, 'registered_name': None}, 'units': 128, 'activation': 'relu', 'use_bias': True, 'kernel_initializer': {'module': 'keras.initializers', 'class_name': 'GlorotUniform', 'config': {'seed': None}, 'registered_name': None}, 'bias_initializer': {'module': 'keras.initializers', 'class_name': 'Zeros', 'config': {}, 'registered_name': None}, 'kernel_regularizer': None, 'bias_regularizer': None, 'kernel_constraint': None, 'bias_constraint': None}, 'registered_name': None, 'build_config': {'input_shape': (None, 32)}}, {'module': 'keras.layers', 'class_name': 'Dense', 'config': {'name': 'dense_80', 'trainable': True, 'dtype': {'module': 'keras', 'class_name': 'DTypePolicy', 'config': {'name': 'float32'}, 'registered_name': None}, 'units': 22, 'activation': 'softmax', 'use_bias': True, 'kernel_initializer': {'module': 'keras.initializers', 'class_name': 'GlorotUniform', 'config': {'seed': None}, 'registered_name': None}, 'bias_initializer': {'module': 'keras.initializers', 'class_name': 'Zeros', 'config': {}, 'registered_name': None}, 'kernel_regularizer': None, 'bias_regularizer': None, 'kernel_constraint': None, 'bias_constraint': None}, 'registered_name': None, 'build_config': {'input_shape': (None, 128)}}], 'build_input_shape': (None, 45)}",0.9644433259963989,0.9194742441177368,0.945555567741394,0.6164700984954834,500,256,10,32,False,False,False,,accuracy,macro,True
test_1020_0038,"{'name': 'sequential_1', 'trainable': True, 'dtype': {'module': 'keras', 'class_name': 'DTypePolicy', 'config': {'name': 'float32'}, 'registered_name': None}, 'layers': [{'module': 'keras.layers', 'class_name': 'InputLayer', 'config': {'batch_shape': (None, 45), 'dtype': 'float32', 'sparse': False, 'name': 'input_layer'}, 'registered_name': None}, {'module': 'keras.layers', 'class_name': 'Embedding', 'config': {'name': 'embedding', 'trainable': True, 'dtype': {'module': 'keras', 'class_name': 'DTypePolicy', 'config': {'name': 'float32'}, 'registered_name': None}, 'input_dim': 501, 'output_dim': 256, 'embeddings_initializer': {'module': 'keras.initializers', 'class_name': 'RandomUniform', 'config': {'seed': None, 'minval': -0.05, 'maxval': 0.05}, 'registered_name': None}, 'embeddings_regularizer': None, 'activity_regularizer': None, 'embeddings_constraint': None, 'mask_zero': False}, 'registered_name': None, 'build_config': {'input_shape': (None, 45)}}, {'module': 'keras.layers', 'class_name': 'Conv1D', 'config': {'name': 'conv1d', 'trainable': True, 'dtype': {'module': 'keras', 'class_name': 'DTypePolicy', 'config': {'name': 'float32'}, 'registered_name': None}, 'filters': 32, 'kernel_size': (3,), 'strides': (1,), 'padding': 'valid', 'data_format': 'channels_last', 'dilation_rate': (1,), 'groups': 1, 'activation': 'linear', 'use_bias': True, 'kernel_initializer': {'module': 'keras.initializers', 'class_name': 'GlorotUniform', 'config': {'seed': None}, 'registered_name': None}, 'bias_initializer': {'module': 'keras.initializers', 'class_name': 'Zeros', 'config': {}, 'registered_name': None}, 'kernel_regularizer': None, 'bias_regularizer': None, 'activity_regularizer': None, 'kernel_constraint': None, 'bias_constraint': None}, 'registered_name': None, 'build_config': {'input_shape': (None, 45, 256)}}, {'module': 'keras.layers', 'class_name': 'GlobalMaxPooling1D', 'config': {'name': 'global_max_pooling1d', 'trainable': True, 'dtype': {'module': 'keras', 'class_name': 'DTypePolicy', 'config': {'name': 'float32'}, 'registered_name': None}, 'data_format': 'channels_last', 'keepdims': False}, 'registered_name': None}, {'module': 'keras.layers', 'class_name': 'Dense', 'config': {'name': 'dense', 'trainable': True, 'dtype': {'module': 'keras', 'class_name': 'DTypePolicy', 'config': {'name': 'float32'}, 'registered_name': None}, 'units': 128, 'activation': 'relu', 'use_bias': True, 'kernel_initializer': {'module': 'keras.initializers', 'class_name': 'GlorotUniform', 'config': {'seed': None}, 'registered_name': None}, 'bias_initializer': {'module': 'keras.initializers', 'class_name': 'Zeros', 'config': {}, 'registered_name': None}, 'kernel_regularizer': None, 'bias_regularizer': None, 'kernel_constraint': None, 'bias_constraint': None}, 'registered_name': None, 'build_config': {'input_shape': (None, 32)}}, {'module': 'keras.layers', 'class_name': 'Dense', 'config': {'name': 'dense_1', 'trainable': True, 'dtype': {'module': 'keras', 'class_name': 'DTypePolicy', 'config': {'name': 'float32'}, 'registered_name': None}, 'units': 22, 'activation': 'softmax', 'use_bias': True, 'kernel_initializer': {'module': 'keras.initializers', 'class_name': 'GlorotUniform', 'config': {'seed': None}, 'registered_name': None}, 'bias_initializer': {'module': 'keras.initializers', 'class_name': 'Zeros', 'config': {}, 'registered_name': None}, 'kernel_regularizer': None, 'bias_regularizer': None, 'kernel_constraint': None, 'bias_constraint': None}, 'registered_name': None, 'build_config': {'input_shape': (None, 128)}}], 'build_input_shape': (None, 45)}",0.9610102772712708,0.904714047908783,0.9355555772781372,0.5667823553085327,500,256,10,32,False,False,False,,accuracy,macro,True
test_1020_0045,"{'name': 'sequential_5', 'trainable': True, 'dtype': {'module': 'keras', 'class_name': 'DTypePolicy', 'config': {'name': 'float32'}, 'registered_name': None}, 'layers': [{'module': 'keras.layers', 'class_name': 'InputLayer', 'config': {'batch_shape': (None, 45), 'dtype': 'float32', 'sparse': False, 'name': 'input_layer_4'}, 'registered_name': None}, {'module': 'keras.layers', 'class_name': 'Embedding', 'config': {'name': 'embedding_2', 'trainable': True, 'dtype': {'module': 'keras', 'class_name': 'DTypePolicy', 'config': {'name': 'float32'}, 'registered_name': None}, 'input_dim': 501, 'output_dim': 256, 'embeddings_initializer': {'module': 'keras.initializers', 'class_name': 'RandomUniform', 'config': {'seed': None, 'minval': -0.05, 'maxval': 0.05}, 'registered_name': None}, 'embeddings_regularizer': None, 'activity_regularizer': None, 'embeddings_constraint': None, 'mask_zero': False}, 'registered_name': None, 'build_config': {'input_shape': (None, 45)}}, {'module': 'keras.layers', 'class_name': 'Conv1D', 'config': {'name': 'conv1d', 'trainable': True, 'dtype': {'module': 'keras', 'class_name': 'DTypePolicy', 'config': {'name': 'float32'}, 'registered_name': None}, 'filters': 32, 'kernel_size': (3,), 'strides': (1,), 'padding': 'valid', 'data_format': 'channels_last', 'dilation_rate': (1,), 'groups': 1, 'activation': 'linear', 'use_bias': True, 'kernel_initializer': {'module': 'keras.initializers', 'class_name': 'GlorotUniform', 'config': {'seed': None}, 'registered_name': None}, 'bias_initializer': {'module': 'keras.initializers', 'class_name': 'Zeros', 'config': {}, 'registered_name': None}, 'kernel_regularizer': None, 'bias_regularizer': None, 'activity_regularizer': None, 'kernel_constraint': None, 'bias_constraint': None}, 'registered_name': None, 'build_config': {'input_shape': (None, 45, 256)}}, {'module': 'keras.layers', 'class_name': 'GlobalMaxPooling1D', 'config': {'name': 'global_max_pooling1d', 'trainable': True, 'dtype': {'module': 'keras', 'class_name': 'DTypePolicy', 'config': {'name': 'float32'}, 'registered_name': None}, 'data_format': 'channels_last', 'keepdims': False}, 'registered_name': None}, {'module': 'keras.layers', 'class_name': 'Dense', 'config': {'name': 'dense_6', 'trainable': True, 'dtype': {'module': 'keras', 'class_name': 'DTypePolicy', 'config': {'name': 'float32'}, 'registered_name': None}, 'units': 128, 'activation': 'relu', 'use_bias': True, 'kernel_initializer': {'module': 'keras.initializers', 'class_name': 'GlorotUniform', 'config': {'seed': None}, 'registered_name': None}, 'bias_initializer': {'module': 'keras.initializers', 'class_name': 'Zeros', 'config': {}, 'registered_name': None}, 'kernel_regularizer': None, 'bias_regularizer': None, 'kernel_constraint': None, 'bias_constraint': None}, 'registered_name': None, 'build_config': {'input_shape': (None, 32)}}, {'module': 'keras.layers', 'class_name': 'Dense', 'config': {'name': 'dense_9', 'trainable': True, 'dtype': {'module': 'keras', 'class_name': 'DTypePolicy', 'config': {'name': 'float32'}, 'registered_name': None}, 'units': 22, 'activation': 'softmax', 'use_bias': True, 'kernel_initializer': {'module': 'keras.initializers', 'class_name': 'GlorotUniform', 'config': {'seed': None}, 'registered_name': None}, 'bias_initializer': {'module': 'keras.initializers', 'class_name': 'Zeros', 'config': {}, 'registered_name': None}, 'kernel_regularizer': None, 'bias_regularizer': None, 'kernel_constraint': None, 'bias_constraint': None}, 'registered_name': None, 'build_config': {'input_shape': (None, 128)}}], 'build_input_shape': (None, 45)}",0.9605198502540588,0.8657753467559814,0.9399999976158142,0.5653762817382812,500,256,10,32,False,False,False,,accuracy,macro,True
test_1020_0045,"{'name': 'sequential_7', 'trainable': True, 'dtype': {'module': 'keras', 'class_name': 'DTypePolicy', 'config': {'name': 'float32'}, 'registered_name': None}, 'layers': [{'module': 'keras.layers', 'class_name': 'InputLayer', 'config': {'batch_shape': (None, 45), 'dtype': 'float32', 'sparse': False, 'name': 'input_layer_5'}, 'registered_name': None}, {'module': 'keras.layers', 'class_name': 'Embedding', 'config': {'name': 'embedding_3', 'trainable': True, 'dtype': {'module': 'keras', 'class_name': 'DTypePolicy', 'config': {'name': 'float32'}, 'registered_name': None}, 'input_dim': 501, 'output_dim': 256, 'embeddings_initializer': {'module': 'keras.initializers', 'class_name': 'RandomUniform', 'config': {'seed': None, 'minval': -0.05, 'maxval': 0.05}, 'registered_name': None}, 'embeddings_regularizer': None, 'activity_regularizer': None, 'embeddings_constraint': None, 'mask_zero': False}, 'registered_name': None, 'build_config': {'input_shape': (None, 45)}}, {'module': 'keras.layers', 'class_name': 'Conv1D', 'config': {'name': 'conv1d_1', 'trainable': True, 'dtype': {'module': 'keras', 'class_name': 'DTypePolicy', 'config': {'name': 'float32'}, 'registered_name': None}, 'filters': 32, 'kernel_size': (3,), 'strides': (1,), 'padding': 'valid', 'data_format': 'channels_last', 'dilation_rate': (1,), 'groups': 1, 'activation': 'linear', 'use_bias': True, 'kernel_initializer': {'module': 'keras.initializers', 'class_name': 'GlorotUniform', 'config': {'seed': None}, 'registered_name': None}, 'bias_initializer': {'module': 'keras.initializers', 'class_name': 'Zeros', 'config': {}, 'registered_name': None}, 'kernel_regularizer': None, 'bias_regularizer': None, 'activity_regularizer': None, 'kernel_constraint': None, 'bias_constraint': None}, 'registered_name': None, 'build_config': {'input_shape': (None, 45, 256)}}, {'module': 'keras.layers', 'class_name': 'GlobalMaxPooling1D', 'config': {'name': 'global_max_pooling1d_1', 'trainable': True, 'dtype': {'module': 'keras', 'class_name': 'DTypePolicy', 'config': {'name': 'float32'}, 'registered_name': None}, 'data_format': 'channels_last', 'keepdims': False}, 'registered_name': None}, {'module': 'keras.layers', 'class_name': 'Dense', 'config': {'name': 'dense_10', 'trainable': True, 'dtype': {'module': 'keras', 'class_name': 'DTypePolicy', 'config': {'name': 'float32'}, 'registered_name': None}, 'units': 128, 'activation': 'relu', 'use_bias': True, 'kernel_initializer': {'module': 'keras.initializers', 'class_name': 'GlorotUniform', 'config': {'seed': None}, 'registered_name': None}, 'bias_initializer': {'module': 'keras.initializers', 'class_name': 'Zeros', 'config': {}, 'registered_name': None}, 'kernel_regularizer': None, 'bias_regularizer': None, 'kernel_constraint': None, 'bias_constraint': None}, 'registered_name': None, 'build_config': {'input_shape': (None, 32)}}, {'module': 'keras.layers', 'class_name': 'Dense', 'config': {'name': 'dense_11', 'trainable': True, 'dtype': {'module': 'keras', 'class_name': 'DTypePolicy', 'config': {'name': 'float32'}, 'registered_name': None}, 'units': 23, 'activation': 'softmax', 'use_bias': True, 'kernel_initializer': {'module': 'keras.initializers', 'class_name': 'GlorotUniform', 'config': {'seed': None}, 'registered_name': None}, 'bias_initializer': {'module': 'keras.initializers', 'class_name': 'Zeros', 'config': {}, 'registered_name': None}, 'kernel_regularizer': None, 'bias_regularizer': None, 'kernel_constraint': None, 'bias_constraint': None}, 'registered_name': None, 'build_config': {'input_shape': (None, 128)}}], 'build_input_shape': (None, 45)}",0.990009069442749,0.9754924178123474,0.9677777886390686,0.6308310627937317,500,256,10,32,False,False,False,,accuracy,macro,True
test_1020_0045,"{'name': 'sequential_12', 'trainable': True, 'dtype': {'module': 'keras', 'class_name': 'DTypePolicy', 'config': {'name': 'float32'}, 'registered_name': None}, 'layers': [{'module': 'keras.layers', 'class_name': 'InputLayer', 'config': {'batch_shape': (None, 45), 'dtype': 'float32', 'sparse': False, 'name': 'input_layer_9'}, 'registered_name': None}, {'module': 'keras.layers', 'class_name': 'Embedding', 'config': {'name': 'embedding_7', 'trainable': True, 'dtype': {'module': 'keras', 'class_name': 'DTypePolicy', 'config': {'name': 'float32'}, 'registered_name': None}, 'input_dim': 501, 'output_dim': 256, 'embeddings_initializer': {'module': 'keras.initializers', 'class_name': 'RandomUniform', 'config': {'seed': None, 'minval': -0.05, 'maxval': 0.05}, 'registered_name': None}, 'embeddings_regularizer': None, 'activity_regularizer': None, 'embeddings_constraint': None, 'mask_zero': False}, 'registered_name': None, 'build_config': {'input_shape': (None, 45)}}, {'module': 'keras.layers', 'class_name': 'Conv1D', 'config': {'name': 'conv1d_2', 'trainable': True, 'dtype': {'module': 'keras', 'class_name': 'DTypePolicy', 'config': {'name': 'float32'}, 'registered_name': None}, 'filters': 32, 'kernel_size': (3,), 'strides': (1,), 'padding': 'valid', 'data_format': 'channels_last', 'dilation_rate': (1,), 'groups': 1, 'activation': 'linear', 'use_bias': True, 'kernel_initializer': {'module': 'keras.initializers', 'class_name': 'GlorotUniform', 'config': {'seed': None}, 'registered_name': None}, 'bias_initializer': {'module': 'keras.initializers', 'class_name': 'Zeros', 'config': {}, 'registered_name': None}, 'kernel_regularizer': None, 'bias_regularizer': None, 'activity_regularizer': None, 'kernel_constraint': None, 'bias_constraint': None}, 'registered_name': None, 'build_config': {'input_shape': (None, 45, 256)}}, {'module': 'keras.layers', 'class_name': 'GlobalMaxPooling1D', 'config': {'name': 'global_max_pooling1d_2', 'trainable': True, 'dtype': {'module': 'keras', 'class_name': 'DTypePolicy', 'config': {'name': 'float32'}, 'registered_name': None}, 'data_format': 'channels_last', 'keepdims': False}, 'registered_name': None}, {'module': 'keras.layers', 'class_name': 'Dense', 'config': {'name': 'dense_14', 'trainable': True, 'dtype': {'module': 'keras', 'class_name': 'DTypePolicy', 'config': {'name': 'float32'}, 'registered_name': None}, 'units': 128, 'activation': 'relu', 'use_bias': True, 'kernel_initializer': {'module': 'keras.initializers', 'class_name': 'GlorotUniform', 'config': {'seed': None}, 'registered_name': None}, 'bias_initializer': {'module': 'keras.initializers', 'class_name': 'Zeros', 'config': {}, 'registered_name': None}, 'kernel_regularizer': None, 'bias_regularizer': None, 'kernel_constraint': None, 'bias_constraint': None}, 'registered_name': None, 'build_config': {'input_shape': (None, 32)}}, {'module': 'keras.layers', 'class_name': 'Dense', 'config': {'name': 'dense_16', 'trainable': True, 'dtype': {'module': 'keras', 'class_name': 'DTypePolicy', 'config': {'name': 'float32'}, 'registered_name': None}, 'units': 22, 'activation': 'softmax', 'use_bias': True, 'kernel_initializer': {'module': 'keras.initializers', 'class_name': 'GlorotUniform', 'config': {'seed': None}, 'registered_name': None}, 'bias_initializer': {'module': 'keras.initializers', 'class_name': 'Zeros', 'config': {}, 'registered_name': None}, 'kernel_regularizer': None, 'bias_regularizer': None, 'kernel_constraint': None, 'bias_constraint': None}, 'registered_name': None, 'build_config': {'input_shape': (None, 128)}}], 'build_input_shape': (None, 45)}",0.9693477153778076,0.9058895707130432,0.9388889074325562,0.5695211291313171,500,256,10,32,False,False,False,,accuracy,macro,True
test_1020_0045,"{'name': 'sequential_19', 'trainable': True, 'dtype': {'module': 'keras', 'class_name': 'DTypePolicy', 'config': {'name': 'float32'}, 'registered_name': None}, 'layers': [{'module': 'keras.layers', 'class_name': 'InputLayer', 'config': {'batch_shape': (None, 45), 'dtype': 'float32', 'sparse': False, 'name': 'input_layer_15'}, 'registered_name': None}, {'module': 'keras.layers', 'class_name': 'Embedding', 'config': {'name': 'embedding_13', 'trainable': True, 'dtype': {'module': 'keras', 'class_name': 'DTypePolicy', 'config': {'name': 'float32'}, 'registered_name': None}, 'input_dim': 501, 'output_dim': 256, 'embeddings_initializer': {'module': 'keras.initializers', 'class_name': 'RandomUniform', 'config': {'seed': None, 'minval': -0.05, 'maxval': 0.05}, 'registered_name': None}, 'embeddings_regularizer': None, 'activity_regularizer': None, 'embeddings_constraint': None, 'mask_zero': False}, 'registered_name': None, 'build_config': {'input_shape': (None, 45)}}, {'module': 'keras.layers', 'class_name': 'Conv1D', 'config': {'name': 'conv1d_3', 'trainable': True, 'dtype': {'module': 'keras', 'class_name': 'DTypePolicy', 'config': {'name': 'float32'}, 'registered_name': None}, 'filters': 32, 'kernel_size': (3,), 'strides': (1,), 'padding': 'valid', 'data_format': 'channels_last', 'dilation_rate': (1,), 'groups': 1, 'activation': 'linear', 'use_bias': True, 'kernel_initializer': {'module': 'keras.initializers', 'class_name': 'GlorotUniform', 'config': {'seed': None}, 'registered_name': None}, 'bias_initializer': {'module': 'keras.initializers', 'class_name': 'Zeros', 'config': {}, 'registered_name': None}, 'kernel_regularizer': None, 'bias_regularizer': None, 'activity_regularizer': None, 'kernel_constraint': None, 'bias_constraint': None}, 'registered_name': None, 'build_config': {'input_shape': (None, 45, 256)}}, {'module': 'keras.layers', 'class_name': 'GlobalMaxPooling1D', 'config': {'name': 'global_max_pooling1d_3', 'trainable': True, 'dtype': {'module': 'keras', 'class_name': 'DTypePolicy', 'config': {'name': 'float32'}, 'registered_name': None}, 'data_format': 'channels_last', 'keepdims': False}, 'registered_name': None}, {'module': 'keras.layers', 'class_name': 'Dense', 'config': {'name': 'dense_20', 'trainable': True, 'dtype': {'module': 'keras', 'class_name': 'DTypePolicy', 'config': {'name': 'float32'}, 'registered_name': None}, 'units': 128, 'activation': 'relu', 'use_bias': True, 'kernel_initializer': {'module': 'keras.initializers', 'class_name': 'GlorotUniform', 'config': {'seed': None}, 'registered_name': None}, 'bias_initializer': {'module': 'keras.initializers', 'class_name': 'Zeros', 'config': {}, 'registered_name': None}, 'kernel_regularizer': None, 'bias_regularizer': None, 'kernel_constraint': None, 'bias_constraint': None}, 'registered_name': None, 'build_config': {'input_shape': (None, 32)}}, {'module': 'keras.layers', 'class_name': 'Dense', 'config': {'name': 'dense_23', 'trainable': True, 'dtype': {'module': 'keras', 'class_name': 'DTypePolicy', 'config': {'name': 'float32'}, 'registered_name': None}, 'units': 23, 'activation': 'softmax', 'use_bias': True, 'kernel_initializer': {'module': 'keras.initializers', 'class_name': 'GlorotUniform', 'config': {'seed': None}, 'registered_name': None}, 'bias_initializer': {'module': 'keras.initializers', 'class_name': 'Zeros', 'config': {}, 'registered_name': None}, 'kernel_regularizer': None, 'bias_regularizer': None, 'kernel_constraint': None, 'bias_constraint': None}, 'registered_name': None, 'build_config': {'input_shape': (None, 128)}}], 'build_input_shape': (None, 45)}",0.9921889305114746,0.9924973249435425,0.9722222089767456,0.611850917339325,500,256,10,32,False,False,False,,accuracy,macro,True
