architecture_name,summary,run_number,epoch,training_acc,training_f1,training_loss,val_acc,val_f1,val_loss,vocab_size,embedding_dim,epochs,batch_size,lemmatize,stem,remove_stopwords,custom_stopwords,selection_metric,f1_type,use_class_weights,early_stopping,early_stopping_patience
BidirectionalGRU,"{'name': 'sequential_1', 'trainable': True, 'dtype': 'float32', 'layers': [{'module': 'keras.layers', 'class_name': 'InputLayer', 'config': {'batch_shape': (None, 45), 'dtype': 'float32', 'sparse': False, 'name': 'input_layer'}, 'registered_name': None}, {'module': 'keras.layers', 'class_name': 'Embedding', 'config': {'name': 'embedding', 'trainable': True, 'dtype': 'float32', 'input_dim': 501, 'output_dim': 256, 'embeddings_initializer': {'module': 'keras.initializers', 'class_name': 'RandomUniform', 'config': {'minval': -0.05, 'maxval': 0.05, 'seed': None}, 'registered_name': None}, 'embeddings_regularizer': None, 'activity_regularizer': None, 'embeddings_constraint': None, 'mask_zero': False}, 'registered_name': None, 'build_config': {'input_shape': (None, 45)}}, {'module': 'keras.layers', 'class_name': 'Bidirectional', 'config': {'name': 'bidirectional', 'trainable': True, 'dtype': 'float32', 'layer': {'module': 'keras.layers', 'class_name': 'GRU', 'config': {'name': 'forward_gru', 'trainable': True, 'dtype': 'float32', 'return_sequences': True, 'return_state': False, 'go_backwards': False, 'stateful': False, 'unroll': False, 'zero_output_for_mask': True, 'units': 16, 'activation': 'tanh', 'recurrent_activation': 'sigmoid', 'use_bias': True, 'kernel_initializer': {'module': 'keras.initializers', 'class_name': 'GlorotUniform', 'config': {'seed': None}, 'registered_name': None}, 'recurrent_initializer': {'module': 'keras.initializers', 'class_name': 'OrthogonalInitializer', 'config': {'gain': 1.0, 'seed': None}, 'registered_name': None}, 'bias_initializer': {'module': 'keras.initializers', 'class_name': 'Zeros', 'config': {}, 'registered_name': None}, 'kernel_regularizer': None, 'recurrent_regularizer': None, 'bias_regularizer': None, 'activity_regularizer': None, 'kernel_constraint': None, 'recurrent_constraint': None, 'bias_constraint': None, 'dropout': 0.0, 'recurrent_dropout': 0.0, 'reset_after': True, 'seed': None}, 'registered_name': None, 'build_config': {'input_shape': (None, 45, 256)}}, 'merge_mode': 'concat', 'backward_layer': {'module': 'keras.layers', 'class_name': 'GRU', 'config': {'name': 'backward_gru', 'trainable': True, 'dtype': 'float32', 'return_sequences': True, 'return_state': False, 'go_backwards': True, 'stateful': False, 'unroll': False, 'zero_output_for_mask': True, 'units': 16, 'activation': 'tanh', 'recurrent_activation': 'sigmoid', 'use_bias': True, 'kernel_initializer': {'module': 'keras.initializers', 'class_name': 'GlorotUniform', 'config': {'seed': None}, 'registered_name': None}, 'recurrent_initializer': {'module': 'keras.initializers', 'class_name': 'OrthogonalInitializer', 'config': {'gain': 1.0, 'seed': None}, 'registered_name': None}, 'bias_initializer': {'module': 'keras.initializers', 'class_name': 'Zeros', 'config': {}, 'registered_name': None}, 'kernel_regularizer': None, 'recurrent_regularizer': None, 'bias_regularizer': None, 'activity_regularizer': None, 'kernel_constraint': None, 'recurrent_constraint': None, 'bias_constraint': None, 'dropout': 0.0, 'recurrent_dropout': 0.0, 'reset_after': True, 'seed': None}, 'registered_name': None, 'build_config': {'input_shape': (None, 45, 256)}}}, 'registered_name': None, 'build_config': {'input_shape': (None, 45, 256)}}, {'module': 'keras.layers', 'class_name': 'GlobalMaxPooling1D', 'config': {'name': 'global_max_pooling1d', 'trainable': True, 'dtype': 'float32', 'data_format': 'channels_last', 'keepdims': False}, 'registered_name': None, 'build_config': {'input_shape': (None, 45, 32)}}, {'module': 'keras.layers', 'class_name': 'Dense', 'config': {'name': 'dense', 'trainable': True, 'dtype': 'float32', 'units': 22, 'activation': 'softmax', 'use_bias': True, 'kernel_initializer': {'module': 'keras.initializers', 'class_name': 'GlorotUniform', 'config': {'seed': None}, 'registered_name': None}, 'bias_initializer': {'module': 'keras.initializers', 'class_name': 'Zeros', 'config': {}, 'registered_name': None}, 'kernel_regularizer': None, 'bias_regularizer': None, 'kernel_constraint': None, 'bias_constraint': None}, 'registered_name': None, 'build_config': {'input_shape': (None, 32)}}], 'build_input_shape': (None, 45)}",1,1,0.30259931087493896,0.14934736490249634,3.052776336669922,0.43888887763023376,0.24326084554195404,2.791512966156006,500,256,10,32,False,False,False,,accuracy,macro,True,False,5
BidirectionalGRU,"{'name': 'sequential_1', 'trainable': True, 'dtype': 'float32', 'layers': [{'module': 'keras.layers', 'class_name': 'InputLayer', 'config': {'batch_shape': (None, 45), 'dtype': 'float32', 'sparse': False, 'name': 'input_layer'}, 'registered_name': None}, {'module': 'keras.layers', 'class_name': 'Embedding', 'config': {'name': 'embedding', 'trainable': True, 'dtype': 'float32', 'input_dim': 501, 'output_dim': 256, 'embeddings_initializer': {'module': 'keras.initializers', 'class_name': 'RandomUniform', 'config': {'minval': -0.05, 'maxval': 0.05, 'seed': None}, 'registered_name': None}, 'embeddings_regularizer': None, 'activity_regularizer': None, 'embeddings_constraint': None, 'mask_zero': False}, 'registered_name': None, 'build_config': {'input_shape': (None, 45)}}, {'module': 'keras.layers', 'class_name': 'Bidirectional', 'config': {'name': 'bidirectional', 'trainable': True, 'dtype': 'float32', 'layer': {'module': 'keras.layers', 'class_name': 'GRU', 'config': {'name': 'forward_gru', 'trainable': True, 'dtype': 'float32', 'return_sequences': True, 'return_state': False, 'go_backwards': False, 'stateful': False, 'unroll': False, 'zero_output_for_mask': True, 'units': 16, 'activation': 'tanh', 'recurrent_activation': 'sigmoid', 'use_bias': True, 'kernel_initializer': {'module': 'keras.initializers', 'class_name': 'GlorotUniform', 'config': {'seed': None}, 'registered_name': None}, 'recurrent_initializer': {'module': 'keras.initializers', 'class_name': 'OrthogonalInitializer', 'config': {'gain': 1.0, 'seed': None}, 'registered_name': None}, 'bias_initializer': {'module': 'keras.initializers', 'class_name': 'Zeros', 'config': {}, 'registered_name': None}, 'kernel_regularizer': None, 'recurrent_regularizer': None, 'bias_regularizer': None, 'activity_regularizer': None, 'kernel_constraint': None, 'recurrent_constraint': None, 'bias_constraint': None, 'dropout': 0.0, 'recurrent_dropout': 0.0, 'reset_after': True, 'seed': None}, 'registered_name': None, 'build_config': {'input_shape': (None, 45, 256)}}, 'merge_mode': 'concat', 'backward_layer': {'module': 'keras.layers', 'class_name': 'GRU', 'config': {'name': 'backward_gru', 'trainable': True, 'dtype': 'float32', 'return_sequences': True, 'return_state': False, 'go_backwards': True, 'stateful': False, 'unroll': False, 'zero_output_for_mask': True, 'units': 16, 'activation': 'tanh', 'recurrent_activation': 'sigmoid', 'use_bias': True, 'kernel_initializer': {'module': 'keras.initializers', 'class_name': 'GlorotUniform', 'config': {'seed': None}, 'registered_name': None}, 'recurrent_initializer': {'module': 'keras.initializers', 'class_name': 'OrthogonalInitializer', 'config': {'gain': 1.0, 'seed': None}, 'registered_name': None}, 'bias_initializer': {'module': 'keras.initializers', 'class_name': 'Zeros', 'config': {}, 'registered_name': None}, 'kernel_regularizer': None, 'recurrent_regularizer': None, 'bias_regularizer': None, 'activity_regularizer': None, 'kernel_constraint': None, 'recurrent_constraint': None, 'bias_constraint': None, 'dropout': 0.0, 'recurrent_dropout': 0.0, 'reset_after': True, 'seed': None}, 'registered_name': None, 'build_config': {'input_shape': (None, 45, 256)}}}, 'registered_name': None, 'build_config': {'input_shape': (None, 45, 256)}}, {'module': 'keras.layers', 'class_name': 'GlobalMaxPooling1D', 'config': {'name': 'global_max_pooling1d', 'trainable': True, 'dtype': 'float32', 'data_format': 'channels_last', 'keepdims': False}, 'registered_name': None, 'build_config': {'input_shape': (None, 45, 32)}}, {'module': 'keras.layers', 'class_name': 'Dense', 'config': {'name': 'dense', 'trainable': True, 'dtype': 'float32', 'units': 22, 'activation': 'softmax', 'use_bias': True, 'kernel_initializer': {'module': 'keras.initializers', 'class_name': 'GlorotUniform', 'config': {'seed': None}, 'registered_name': None}, 'bias_initializer': {'module': 'keras.initializers', 'class_name': 'Zeros', 'config': {}, 'registered_name': None}, 'kernel_regularizer': None, 'bias_regularizer': None, 'kernel_constraint': None, 'bias_constraint': None}, 'registered_name': None, 'build_config': {'input_shape': (None, 32)}}], 'build_input_shape': (None, 45)}",1,2,0.5811672210693359,0.34721601009368896,2.651759147644043,0.5899999737739563,0.31646835803985596,2.4329490661621094,500,256,10,32,False,False,False,,accuracy,macro,True,False,5
BidirectionalGRU,"{'name': 'sequential_1', 'trainable': True, 'dtype': 'float32', 'layers': [{'module': 'keras.layers', 'class_name': 'InputLayer', 'config': {'batch_shape': (None, 45), 'dtype': 'float32', 'sparse': False, 'name': 'input_layer'}, 'registered_name': None}, {'module': 'keras.layers', 'class_name': 'Embedding', 'config': {'name': 'embedding', 'trainable': True, 'dtype': 'float32', 'input_dim': 501, 'output_dim': 256, 'embeddings_initializer': {'module': 'keras.initializers', 'class_name': 'RandomUniform', 'config': {'minval': -0.05, 'maxval': 0.05, 'seed': None}, 'registered_name': None}, 'embeddings_regularizer': None, 'activity_regularizer': None, 'embeddings_constraint': None, 'mask_zero': False}, 'registered_name': None, 'build_config': {'input_shape': (None, 45)}}, {'module': 'keras.layers', 'class_name': 'Bidirectional', 'config': {'name': 'bidirectional', 'trainable': True, 'dtype': 'float32', 'layer': {'module': 'keras.layers', 'class_name': 'GRU', 'config': {'name': 'forward_gru', 'trainable': True, 'dtype': 'float32', 'return_sequences': True, 'return_state': False, 'go_backwards': False, 'stateful': False, 'unroll': False, 'zero_output_for_mask': True, 'units': 16, 'activation': 'tanh', 'recurrent_activation': 'sigmoid', 'use_bias': True, 'kernel_initializer': {'module': 'keras.initializers', 'class_name': 'GlorotUniform', 'config': {'seed': None}, 'registered_name': None}, 'recurrent_initializer': {'module': 'keras.initializers', 'class_name': 'OrthogonalInitializer', 'config': {'gain': 1.0, 'seed': None}, 'registered_name': None}, 'bias_initializer': {'module': 'keras.initializers', 'class_name': 'Zeros', 'config': {}, 'registered_name': None}, 'kernel_regularizer': None, 'recurrent_regularizer': None, 'bias_regularizer': None, 'activity_regularizer': None, 'kernel_constraint': None, 'recurrent_constraint': None, 'bias_constraint': None, 'dropout': 0.0, 'recurrent_dropout': 0.0, 'reset_after': True, 'seed': None}, 'registered_name': None, 'build_config': {'input_shape': (None, 45, 256)}}, 'merge_mode': 'concat', 'backward_layer': {'module': 'keras.layers', 'class_name': 'GRU', 'config': {'name': 'backward_gru', 'trainable': True, 'dtype': 'float32', 'return_sequences': True, 'return_state': False, 'go_backwards': True, 'stateful': False, 'unroll': False, 'zero_output_for_mask': True, 'units': 16, 'activation': 'tanh', 'recurrent_activation': 'sigmoid', 'use_bias': True, 'kernel_initializer': {'module': 'keras.initializers', 'class_name': 'GlorotUniform', 'config': {'seed': None}, 'registered_name': None}, 'recurrent_initializer': {'module': 'keras.initializers', 'class_name': 'OrthogonalInitializer', 'config': {'gain': 1.0, 'seed': None}, 'registered_name': None}, 'bias_initializer': {'module': 'keras.initializers', 'class_name': 'Zeros', 'config': {}, 'registered_name': None}, 'kernel_regularizer': None, 'recurrent_regularizer': None, 'bias_regularizer': None, 'activity_regularizer': None, 'kernel_constraint': None, 'recurrent_constraint': None, 'bias_constraint': None, 'dropout': 0.0, 'recurrent_dropout': 0.0, 'reset_after': True, 'seed': None}, 'registered_name': None, 'build_config': {'input_shape': (None, 45, 256)}}}, 'registered_name': None, 'build_config': {'input_shape': (None, 45, 256)}}, {'module': 'keras.layers', 'class_name': 'GlobalMaxPooling1D', 'config': {'name': 'global_max_pooling1d', 'trainable': True, 'dtype': 'float32', 'data_format': 'channels_last', 'keepdims': False}, 'registered_name': None, 'build_config': {'input_shape': (None, 45, 32)}}, {'module': 'keras.layers', 'class_name': 'Dense', 'config': {'name': 'dense', 'trainable': True, 'dtype': 'float32', 'units': 22, 'activation': 'softmax', 'use_bias': True, 'kernel_initializer': {'module': 'keras.initializers', 'class_name': 'GlorotUniform', 'config': {'seed': None}, 'registered_name': None}, 'bias_initializer': {'module': 'keras.initializers', 'class_name': 'Zeros', 'config': {}, 'registered_name': None}, 'kernel_regularizer': None, 'bias_regularizer': None, 'kernel_constraint': None, 'bias_constraint': None}, 'registered_name': None, 'build_config': {'input_shape': (None, 32)}}], 'build_input_shape': (None, 45)}",1,3,0.6652771234512329,0.44239342212677,2.058333396911621,0.6911110877990723,0.3844148814678192,1.8991377353668213,500,256,10,32,False,False,False,,accuracy,macro,True,False,5
BidirectionalGRU,"{'name': 'sequential_1', 'trainable': True, 'dtype': 'float32', 'layers': [{'module': 'keras.layers', 'class_name': 'InputLayer', 'config': {'batch_shape': (None, 45), 'dtype': 'float32', 'sparse': False, 'name': 'input_layer'}, 'registered_name': None}, {'module': 'keras.layers', 'class_name': 'Embedding', 'config': {'name': 'embedding', 'trainable': True, 'dtype': 'float32', 'input_dim': 501, 'output_dim': 256, 'embeddings_initializer': {'module': 'keras.initializers', 'class_name': 'RandomUniform', 'config': {'minval': -0.05, 'maxval': 0.05, 'seed': None}, 'registered_name': None}, 'embeddings_regularizer': None, 'activity_regularizer': None, 'embeddings_constraint': None, 'mask_zero': False}, 'registered_name': None, 'build_config': {'input_shape': (None, 45)}}, {'module': 'keras.layers', 'class_name': 'Bidirectional', 'config': {'name': 'bidirectional', 'trainable': True, 'dtype': 'float32', 'layer': {'module': 'keras.layers', 'class_name': 'GRU', 'config': {'name': 'forward_gru', 'trainable': True, 'dtype': 'float32', 'return_sequences': True, 'return_state': False, 'go_backwards': False, 'stateful': False, 'unroll': False, 'zero_output_for_mask': True, 'units': 16, 'activation': 'tanh', 'recurrent_activation': 'sigmoid', 'use_bias': True, 'kernel_initializer': {'module': 'keras.initializers', 'class_name': 'GlorotUniform', 'config': {'seed': None}, 'registered_name': None}, 'recurrent_initializer': {'module': 'keras.initializers', 'class_name': 'OrthogonalInitializer', 'config': {'gain': 1.0, 'seed': None}, 'registered_name': None}, 'bias_initializer': {'module': 'keras.initializers', 'class_name': 'Zeros', 'config': {}, 'registered_name': None}, 'kernel_regularizer': None, 'recurrent_regularizer': None, 'bias_regularizer': None, 'activity_regularizer': None, 'kernel_constraint': None, 'recurrent_constraint': None, 'bias_constraint': None, 'dropout': 0.0, 'recurrent_dropout': 0.0, 'reset_after': True, 'seed': None}, 'registered_name': None, 'build_config': {'input_shape': (None, 45, 256)}}, 'merge_mode': 'concat', 'backward_layer': {'module': 'keras.layers', 'class_name': 'GRU', 'config': {'name': 'backward_gru', 'trainable': True, 'dtype': 'float32', 'return_sequences': True, 'return_state': False, 'go_backwards': True, 'stateful': False, 'unroll': False, 'zero_output_for_mask': True, 'units': 16, 'activation': 'tanh', 'recurrent_activation': 'sigmoid', 'use_bias': True, 'kernel_initializer': {'module': 'keras.initializers', 'class_name': 'GlorotUniform', 'config': {'seed': None}, 'registered_name': None}, 'recurrent_initializer': {'module': 'keras.initializers', 'class_name': 'OrthogonalInitializer', 'config': {'gain': 1.0, 'seed': None}, 'registered_name': None}, 'bias_initializer': {'module': 'keras.initializers', 'class_name': 'Zeros', 'config': {}, 'registered_name': None}, 'kernel_regularizer': None, 'recurrent_regularizer': None, 'bias_regularizer': None, 'activity_regularizer': None, 'kernel_constraint': None, 'recurrent_constraint': None, 'bias_constraint': None, 'dropout': 0.0, 'recurrent_dropout': 0.0, 'reset_after': True, 'seed': None}, 'registered_name': None, 'build_config': {'input_shape': (None, 45, 256)}}}, 'registered_name': None, 'build_config': {'input_shape': (None, 45, 256)}}, {'module': 'keras.layers', 'class_name': 'GlobalMaxPooling1D', 'config': {'name': 'global_max_pooling1d', 'trainable': True, 'dtype': 'float32', 'data_format': 'channels_last', 'keepdims': False}, 'registered_name': None, 'build_config': {'input_shape': (None, 45, 32)}}, {'module': 'keras.layers', 'class_name': 'Dense', 'config': {'name': 'dense', 'trainable': True, 'dtype': 'float32', 'units': 22, 'activation': 'softmax', 'use_bias': True, 'kernel_initializer': {'module': 'keras.initializers', 'class_name': 'GlorotUniform', 'config': {'seed': None}, 'registered_name': None}, 'bias_initializer': {'module': 'keras.initializers', 'class_name': 'Zeros', 'config': {}, 'registered_name': None}, 'kernel_regularizer': None, 'bias_regularizer': None, 'kernel_constraint': None, 'bias_constraint': None}, 'registered_name': None, 'build_config': {'input_shape': (None, 32)}}], 'build_input_shape': (None, 45)}",1,4,0.7775870561599731,0.4549177289009094,1.420034646987915,0.757777750492096,0.40206673741340637,1.418008804321289,500,256,10,32,False,False,False,,accuracy,macro,True,False,5
BidirectionalGRU,"{'name': 'sequential_1', 'trainable': True, 'dtype': 'float32', 'layers': [{'module': 'keras.layers', 'class_name': 'InputLayer', 'config': {'batch_shape': (None, 45), 'dtype': 'float32', 'sparse': False, 'name': 'input_layer'}, 'registered_name': None}, {'module': 'keras.layers', 'class_name': 'Embedding', 'config': {'name': 'embedding', 'trainable': True, 'dtype': 'float32', 'input_dim': 501, 'output_dim': 256, 'embeddings_initializer': {'module': 'keras.initializers', 'class_name': 'RandomUniform', 'config': {'minval': -0.05, 'maxval': 0.05, 'seed': None}, 'registered_name': None}, 'embeddings_regularizer': None, 'activity_regularizer': None, 'embeddings_constraint': None, 'mask_zero': False}, 'registered_name': None, 'build_config': {'input_shape': (None, 45)}}, {'module': 'keras.layers', 'class_name': 'Bidirectional', 'config': {'name': 'bidirectional', 'trainable': True, 'dtype': 'float32', 'layer': {'module': 'keras.layers', 'class_name': 'GRU', 'config': {'name': 'forward_gru', 'trainable': True, 'dtype': 'float32', 'return_sequences': True, 'return_state': False, 'go_backwards': False, 'stateful': False, 'unroll': False, 'zero_output_for_mask': True, 'units': 16, 'activation': 'tanh', 'recurrent_activation': 'sigmoid', 'use_bias': True, 'kernel_initializer': {'module': 'keras.initializers', 'class_name': 'GlorotUniform', 'config': {'seed': None}, 'registered_name': None}, 'recurrent_initializer': {'module': 'keras.initializers', 'class_name': 'OrthogonalInitializer', 'config': {'gain': 1.0, 'seed': None}, 'registered_name': None}, 'bias_initializer': {'module': 'keras.initializers', 'class_name': 'Zeros', 'config': {}, 'registered_name': None}, 'kernel_regularizer': None, 'recurrent_regularizer': None, 'bias_regularizer': None, 'activity_regularizer': None, 'kernel_constraint': None, 'recurrent_constraint': None, 'bias_constraint': None, 'dropout': 0.0, 'recurrent_dropout': 0.0, 'reset_after': True, 'seed': None}, 'registered_name': None, 'build_config': {'input_shape': (None, 45, 256)}}, 'merge_mode': 'concat', 'backward_layer': {'module': 'keras.layers', 'class_name': 'GRU', 'config': {'name': 'backward_gru', 'trainable': True, 'dtype': 'float32', 'return_sequences': True, 'return_state': False, 'go_backwards': True, 'stateful': False, 'unroll': False, 'zero_output_for_mask': True, 'units': 16, 'activation': 'tanh', 'recurrent_activation': 'sigmoid', 'use_bias': True, 'kernel_initializer': {'module': 'keras.initializers', 'class_name': 'GlorotUniform', 'config': {'seed': None}, 'registered_name': None}, 'recurrent_initializer': {'module': 'keras.initializers', 'class_name': 'OrthogonalInitializer', 'config': {'gain': 1.0, 'seed': None}, 'registered_name': None}, 'bias_initializer': {'module': 'keras.initializers', 'class_name': 'Zeros', 'config': {}, 'registered_name': None}, 'kernel_regularizer': None, 'recurrent_regularizer': None, 'bias_regularizer': None, 'activity_regularizer': None, 'kernel_constraint': None, 'recurrent_constraint': None, 'bias_constraint': None, 'dropout': 0.0, 'recurrent_dropout': 0.0, 'reset_after': True, 'seed': None}, 'registered_name': None, 'build_config': {'input_shape': (None, 45, 256)}}}, 'registered_name': None, 'build_config': {'input_shape': (None, 45, 256)}}, {'module': 'keras.layers', 'class_name': 'GlobalMaxPooling1D', 'config': {'name': 'global_max_pooling1d', 'trainable': True, 'dtype': 'float32', 'data_format': 'channels_last', 'keepdims': False}, 'registered_name': None, 'build_config': {'input_shape': (None, 45, 32)}}, {'module': 'keras.layers', 'class_name': 'Dense', 'config': {'name': 'dense', 'trainable': True, 'dtype': 'float32', 'units': 22, 'activation': 'softmax', 'use_bias': True, 'kernel_initializer': {'module': 'keras.initializers', 'class_name': 'GlorotUniform', 'config': {'seed': None}, 'registered_name': None}, 'bias_initializer': {'module': 'keras.initializers', 'class_name': 'Zeros', 'config': {}, 'registered_name': None}, 'kernel_regularizer': None, 'bias_regularizer': None, 'kernel_constraint': None, 'bias_constraint': None}, 'registered_name': None, 'build_config': {'input_shape': (None, 32)}}], 'build_input_shape': (None, 45)}",1,5,0.802108883857727,0.5929895043373108,0.927287220954895,0.7922222018241882,0.46650660037994385,1.0855928659439087,500,256,10,32,False,False,False,,accuracy,macro,True,False,5
BidirectionalGRU,"{'name': 'sequential_1', 'trainable': True, 'dtype': 'float32', 'layers': [{'module': 'keras.layers', 'class_name': 'InputLayer', 'config': {'batch_shape': (None, 45), 'dtype': 'float32', 'sparse': False, 'name': 'input_layer'}, 'registered_name': None}, {'module': 'keras.layers', 'class_name': 'Embedding', 'config': {'name': 'embedding', 'trainable': True, 'dtype': 'float32', 'input_dim': 501, 'output_dim': 256, 'embeddings_initializer': {'module': 'keras.initializers', 'class_name': 'RandomUniform', 'config': {'minval': -0.05, 'maxval': 0.05, 'seed': None}, 'registered_name': None}, 'embeddings_regularizer': None, 'activity_regularizer': None, 'embeddings_constraint': None, 'mask_zero': False}, 'registered_name': None, 'build_config': {'input_shape': (None, 45)}}, {'module': 'keras.layers', 'class_name': 'Bidirectional', 'config': {'name': 'bidirectional', 'trainable': True, 'dtype': 'float32', 'layer': {'module': 'keras.layers', 'class_name': 'GRU', 'config': {'name': 'forward_gru', 'trainable': True, 'dtype': 'float32', 'return_sequences': True, 'return_state': False, 'go_backwards': False, 'stateful': False, 'unroll': False, 'zero_output_for_mask': True, 'units': 16, 'activation': 'tanh', 'recurrent_activation': 'sigmoid', 'use_bias': True, 'kernel_initializer': {'module': 'keras.initializers', 'class_name': 'GlorotUniform', 'config': {'seed': None}, 'registered_name': None}, 'recurrent_initializer': {'module': 'keras.initializers', 'class_name': 'OrthogonalInitializer', 'config': {'gain': 1.0, 'seed': None}, 'registered_name': None}, 'bias_initializer': {'module': 'keras.initializers', 'class_name': 'Zeros', 'config': {}, 'registered_name': None}, 'kernel_regularizer': None, 'recurrent_regularizer': None, 'bias_regularizer': None, 'activity_regularizer': None, 'kernel_constraint': None, 'recurrent_constraint': None, 'bias_constraint': None, 'dropout': 0.0, 'recurrent_dropout': 0.0, 'reset_after': True, 'seed': None}, 'registered_name': None, 'build_config': {'input_shape': (None, 45, 256)}}, 'merge_mode': 'concat', 'backward_layer': {'module': 'keras.layers', 'class_name': 'GRU', 'config': {'name': 'backward_gru', 'trainable': True, 'dtype': 'float32', 'return_sequences': True, 'return_state': False, 'go_backwards': True, 'stateful': False, 'unroll': False, 'zero_output_for_mask': True, 'units': 16, 'activation': 'tanh', 'recurrent_activation': 'sigmoid', 'use_bias': True, 'kernel_initializer': {'module': 'keras.initializers', 'class_name': 'GlorotUniform', 'config': {'seed': None}, 'registered_name': None}, 'recurrent_initializer': {'module': 'keras.initializers', 'class_name': 'OrthogonalInitializer', 'config': {'gain': 1.0, 'seed': None}, 'registered_name': None}, 'bias_initializer': {'module': 'keras.initializers', 'class_name': 'Zeros', 'config': {}, 'registered_name': None}, 'kernel_regularizer': None, 'recurrent_regularizer': None, 'bias_regularizer': None, 'activity_regularizer': None, 'kernel_constraint': None, 'recurrent_constraint': None, 'bias_constraint': None, 'dropout': 0.0, 'recurrent_dropout': 0.0, 'reset_after': True, 'seed': None}, 'registered_name': None, 'build_config': {'input_shape': (None, 45, 256)}}}, 'registered_name': None, 'build_config': {'input_shape': (None, 45, 256)}}, {'module': 'keras.layers', 'class_name': 'GlobalMaxPooling1D', 'config': {'name': 'global_max_pooling1d', 'trainable': True, 'dtype': 'float32', 'data_format': 'channels_last', 'keepdims': False}, 'registered_name': None, 'build_config': {'input_shape': (None, 45, 32)}}, {'module': 'keras.layers', 'class_name': 'Dense', 'config': {'name': 'dense', 'trainable': True, 'dtype': 'float32', 'units': 22, 'activation': 'softmax', 'use_bias': True, 'kernel_initializer': {'module': 'keras.initializers', 'class_name': 'GlorotUniform', 'config': {'seed': None}, 'registered_name': None}, 'bias_initializer': {'module': 'keras.initializers', 'class_name': 'Zeros', 'config': {}, 'registered_name': None}, 'kernel_regularizer': None, 'bias_regularizer': None, 'kernel_constraint': None, 'bias_constraint': None}, 'registered_name': None, 'build_config': {'input_shape': (None, 32)}}], 'build_input_shape': (None, 45)}",1,6,0.8227072358131409,0.6193907856941223,0.6176300644874573,0.8066666722297668,0.49529266357421875,0.9031350612640381,500,256,10,32,False,False,False,,accuracy,macro,True,False,5
BidirectionalGRU,"{'name': 'sequential_1', 'trainable': True, 'dtype': 'float32', 'layers': [{'module': 'keras.layers', 'class_name': 'InputLayer', 'config': {'batch_shape': (None, 45), 'dtype': 'float32', 'sparse': False, 'name': 'input_layer'}, 'registered_name': None}, {'module': 'keras.layers', 'class_name': 'Embedding', 'config': {'name': 'embedding', 'trainable': True, 'dtype': 'float32', 'input_dim': 501, 'output_dim': 256, 'embeddings_initializer': {'module': 'keras.initializers', 'class_name': 'RandomUniform', 'config': {'minval': -0.05, 'maxval': 0.05, 'seed': None}, 'registered_name': None}, 'embeddings_regularizer': None, 'activity_regularizer': None, 'embeddings_constraint': None, 'mask_zero': False}, 'registered_name': None, 'build_config': {'input_shape': (None, 45)}}, {'module': 'keras.layers', 'class_name': 'Bidirectional', 'config': {'name': 'bidirectional', 'trainable': True, 'dtype': 'float32', 'layer': {'module': 'keras.layers', 'class_name': 'GRU', 'config': {'name': 'forward_gru', 'trainable': True, 'dtype': 'float32', 'return_sequences': True, 'return_state': False, 'go_backwards': False, 'stateful': False, 'unroll': False, 'zero_output_for_mask': True, 'units': 16, 'activation': 'tanh', 'recurrent_activation': 'sigmoid', 'use_bias': True, 'kernel_initializer': {'module': 'keras.initializers', 'class_name': 'GlorotUniform', 'config': {'seed': None}, 'registered_name': None}, 'recurrent_initializer': {'module': 'keras.initializers', 'class_name': 'OrthogonalInitializer', 'config': {'gain': 1.0, 'seed': None}, 'registered_name': None}, 'bias_initializer': {'module': 'keras.initializers', 'class_name': 'Zeros', 'config': {}, 'registered_name': None}, 'kernel_regularizer': None, 'recurrent_regularizer': None, 'bias_regularizer': None, 'activity_regularizer': None, 'kernel_constraint': None, 'recurrent_constraint': None, 'bias_constraint': None, 'dropout': 0.0, 'recurrent_dropout': 0.0, 'reset_after': True, 'seed': None}, 'registered_name': None, 'build_config': {'input_shape': (None, 45, 256)}}, 'merge_mode': 'concat', 'backward_layer': {'module': 'keras.layers', 'class_name': 'GRU', 'config': {'name': 'backward_gru', 'trainable': True, 'dtype': 'float32', 'return_sequences': True, 'return_state': False, 'go_backwards': True, 'stateful': False, 'unroll': False, 'zero_output_for_mask': True, 'units': 16, 'activation': 'tanh', 'recurrent_activation': 'sigmoid', 'use_bias': True, 'kernel_initializer': {'module': 'keras.initializers', 'class_name': 'GlorotUniform', 'config': {'seed': None}, 'registered_name': None}, 'recurrent_initializer': {'module': 'keras.initializers', 'class_name': 'OrthogonalInitializer', 'config': {'gain': 1.0, 'seed': None}, 'registered_name': None}, 'bias_initializer': {'module': 'keras.initializers', 'class_name': 'Zeros', 'config': {}, 'registered_name': None}, 'kernel_regularizer': None, 'recurrent_regularizer': None, 'bias_regularizer': None, 'activity_regularizer': None, 'kernel_constraint': None, 'recurrent_constraint': None, 'bias_constraint': None, 'dropout': 0.0, 'recurrent_dropout': 0.0, 'reset_after': True, 'seed': None}, 'registered_name': None, 'build_config': {'input_shape': (None, 45, 256)}}}, 'registered_name': None, 'build_config': {'input_shape': (None, 45, 256)}}, {'module': 'keras.layers', 'class_name': 'GlobalMaxPooling1D', 'config': {'name': 'global_max_pooling1d', 'trainable': True, 'dtype': 'float32', 'data_format': 'channels_last', 'keepdims': False}, 'registered_name': None, 'build_config': {'input_shape': (None, 45, 32)}}, {'module': 'keras.layers', 'class_name': 'Dense', 'config': {'name': 'dense', 'trainable': True, 'dtype': 'float32', 'units': 22, 'activation': 'softmax', 'use_bias': True, 'kernel_initializer': {'module': 'keras.initializers', 'class_name': 'GlorotUniform', 'config': {'seed': None}, 'registered_name': None}, 'bias_initializer': {'module': 'keras.initializers', 'class_name': 'Zeros', 'config': {}, 'registered_name': None}, 'kernel_regularizer': None, 'bias_regularizer': None, 'kernel_constraint': None, 'bias_constraint': None}, 'registered_name': None, 'build_config': {'input_shape': (None, 32)}}], 'build_input_shape': (None, 45)}",1,7,0.850416898727417,0.6565839648246765,0.4355084300041199,0.8299999833106995,0.5041689276695251,0.7531614899635315,500,256,10,32,False,False,False,,accuracy,macro,True,False,5
BidirectionalGRU,"{'name': 'sequential_1', 'trainable': True, 'dtype': 'float32', 'layers': [{'module': 'keras.layers', 'class_name': 'InputLayer', 'config': {'batch_shape': (None, 45), 'dtype': 'float32', 'sparse': False, 'name': 'input_layer'}, 'registered_name': None}, {'module': 'keras.layers', 'class_name': 'Embedding', 'config': {'name': 'embedding', 'trainable': True, 'dtype': 'float32', 'input_dim': 501, 'output_dim': 256, 'embeddings_initializer': {'module': 'keras.initializers', 'class_name': 'RandomUniform', 'config': {'minval': -0.05, 'maxval': 0.05, 'seed': None}, 'registered_name': None}, 'embeddings_regularizer': None, 'activity_regularizer': None, 'embeddings_constraint': None, 'mask_zero': False}, 'registered_name': None, 'build_config': {'input_shape': (None, 45)}}, {'module': 'keras.layers', 'class_name': 'Bidirectional', 'config': {'name': 'bidirectional', 'trainable': True, 'dtype': 'float32', 'layer': {'module': 'keras.layers', 'class_name': 'GRU', 'config': {'name': 'forward_gru', 'trainable': True, 'dtype': 'float32', 'return_sequences': True, 'return_state': False, 'go_backwards': False, 'stateful': False, 'unroll': False, 'zero_output_for_mask': True, 'units': 16, 'activation': 'tanh', 'recurrent_activation': 'sigmoid', 'use_bias': True, 'kernel_initializer': {'module': 'keras.initializers', 'class_name': 'GlorotUniform', 'config': {'seed': None}, 'registered_name': None}, 'recurrent_initializer': {'module': 'keras.initializers', 'class_name': 'OrthogonalInitializer', 'config': {'gain': 1.0, 'seed': None}, 'registered_name': None}, 'bias_initializer': {'module': 'keras.initializers', 'class_name': 'Zeros', 'config': {}, 'registered_name': None}, 'kernel_regularizer': None, 'recurrent_regularizer': None, 'bias_regularizer': None, 'activity_regularizer': None, 'kernel_constraint': None, 'recurrent_constraint': None, 'bias_constraint': None, 'dropout': 0.0, 'recurrent_dropout': 0.0, 'reset_after': True, 'seed': None}, 'registered_name': None, 'build_config': {'input_shape': (None, 45, 256)}}, 'merge_mode': 'concat', 'backward_layer': {'module': 'keras.layers', 'class_name': 'GRU', 'config': {'name': 'backward_gru', 'trainable': True, 'dtype': 'float32', 'return_sequences': True, 'return_state': False, 'go_backwards': True, 'stateful': False, 'unroll': False, 'zero_output_for_mask': True, 'units': 16, 'activation': 'tanh', 'recurrent_activation': 'sigmoid', 'use_bias': True, 'kernel_initializer': {'module': 'keras.initializers', 'class_name': 'GlorotUniform', 'config': {'seed': None}, 'registered_name': None}, 'recurrent_initializer': {'module': 'keras.initializers', 'class_name': 'OrthogonalInitializer', 'config': {'gain': 1.0, 'seed': None}, 'registered_name': None}, 'bias_initializer': {'module': 'keras.initializers', 'class_name': 'Zeros', 'config': {}, 'registered_name': None}, 'kernel_regularizer': None, 'recurrent_regularizer': None, 'bias_regularizer': None, 'activity_regularizer': None, 'kernel_constraint': None, 'recurrent_constraint': None, 'bias_constraint': None, 'dropout': 0.0, 'recurrent_dropout': 0.0, 'reset_after': True, 'seed': None}, 'registered_name': None, 'build_config': {'input_shape': (None, 45, 256)}}}, 'registered_name': None, 'build_config': {'input_shape': (None, 45, 256)}}, {'module': 'keras.layers', 'class_name': 'GlobalMaxPooling1D', 'config': {'name': 'global_max_pooling1d', 'trainable': True, 'dtype': 'float32', 'data_format': 'channels_last', 'keepdims': False}, 'registered_name': None, 'build_config': {'input_shape': (None, 45, 32)}}, {'module': 'keras.layers', 'class_name': 'Dense', 'config': {'name': 'dense', 'trainable': True, 'dtype': 'float32', 'units': 22, 'activation': 'softmax', 'use_bias': True, 'kernel_initializer': {'module': 'keras.initializers', 'class_name': 'GlorotUniform', 'config': {'seed': None}, 'registered_name': None}, 'bias_initializer': {'module': 'keras.initializers', 'class_name': 'Zeros', 'config': {}, 'registered_name': None}, 'kernel_regularizer': None, 'bias_regularizer': None, 'kernel_constraint': None, 'bias_constraint': None}, 'registered_name': None, 'build_config': {'input_shape': (None, 32)}}], 'build_input_shape': (None, 45)}",1,8,0.8582638502120972,0.6556873321533203,0.3170068860054016,0.846666693687439,0.511229932308197,0.6547368168830872,500,256,10,32,False,False,False,,accuracy,macro,True,False,5
BidirectionalGRU,"{'name': 'sequential_1', 'trainable': True, 'dtype': 'float32', 'layers': [{'module': 'keras.layers', 'class_name': 'InputLayer', 'config': {'batch_shape': (None, 45), 'dtype': 'float32', 'sparse': False, 'name': 'input_layer'}, 'registered_name': None}, {'module': 'keras.layers', 'class_name': 'Embedding', 'config': {'name': 'embedding', 'trainable': True, 'dtype': 'float32', 'input_dim': 501, 'output_dim': 256, 'embeddings_initializer': {'module': 'keras.initializers', 'class_name': 'RandomUniform', 'config': {'minval': -0.05, 'maxval': 0.05, 'seed': None}, 'registered_name': None}, 'embeddings_regularizer': None, 'activity_regularizer': None, 'embeddings_constraint': None, 'mask_zero': False}, 'registered_name': None, 'build_config': {'input_shape': (None, 45)}}, {'module': 'keras.layers', 'class_name': 'Bidirectional', 'config': {'name': 'bidirectional', 'trainable': True, 'dtype': 'float32', 'layer': {'module': 'keras.layers', 'class_name': 'GRU', 'config': {'name': 'forward_gru', 'trainable': True, 'dtype': 'float32', 'return_sequences': True, 'return_state': False, 'go_backwards': False, 'stateful': False, 'unroll': False, 'zero_output_for_mask': True, 'units': 16, 'activation': 'tanh', 'recurrent_activation': 'sigmoid', 'use_bias': True, 'kernel_initializer': {'module': 'keras.initializers', 'class_name': 'GlorotUniform', 'config': {'seed': None}, 'registered_name': None}, 'recurrent_initializer': {'module': 'keras.initializers', 'class_name': 'OrthogonalInitializer', 'config': {'gain': 1.0, 'seed': None}, 'registered_name': None}, 'bias_initializer': {'module': 'keras.initializers', 'class_name': 'Zeros', 'config': {}, 'registered_name': None}, 'kernel_regularizer': None, 'recurrent_regularizer': None, 'bias_regularizer': None, 'activity_regularizer': None, 'kernel_constraint': None, 'recurrent_constraint': None, 'bias_constraint': None, 'dropout': 0.0, 'recurrent_dropout': 0.0, 'reset_after': True, 'seed': None}, 'registered_name': None, 'build_config': {'input_shape': (None, 45, 256)}}, 'merge_mode': 'concat', 'backward_layer': {'module': 'keras.layers', 'class_name': 'GRU', 'config': {'name': 'backward_gru', 'trainable': True, 'dtype': 'float32', 'return_sequences': True, 'return_state': False, 'go_backwards': True, 'stateful': False, 'unroll': False, 'zero_output_for_mask': True, 'units': 16, 'activation': 'tanh', 'recurrent_activation': 'sigmoid', 'use_bias': True, 'kernel_initializer': {'module': 'keras.initializers', 'class_name': 'GlorotUniform', 'config': {'seed': None}, 'registered_name': None}, 'recurrent_initializer': {'module': 'keras.initializers', 'class_name': 'OrthogonalInitializer', 'config': {'gain': 1.0, 'seed': None}, 'registered_name': None}, 'bias_initializer': {'module': 'keras.initializers', 'class_name': 'Zeros', 'config': {}, 'registered_name': None}, 'kernel_regularizer': None, 'recurrent_regularizer': None, 'bias_regularizer': None, 'activity_regularizer': None, 'kernel_constraint': None, 'recurrent_constraint': None, 'bias_constraint': None, 'dropout': 0.0, 'recurrent_dropout': 0.0, 'reset_after': True, 'seed': None}, 'registered_name': None, 'build_config': {'input_shape': (None, 45, 256)}}}, 'registered_name': None, 'build_config': {'input_shape': (None, 45, 256)}}, {'module': 'keras.layers', 'class_name': 'GlobalMaxPooling1D', 'config': {'name': 'global_max_pooling1d', 'trainable': True, 'dtype': 'float32', 'data_format': 'channels_last', 'keepdims': False}, 'registered_name': None, 'build_config': {'input_shape': (None, 45, 32)}}, {'module': 'keras.layers', 'class_name': 'Dense', 'config': {'name': 'dense', 'trainable': True, 'dtype': 'float32', 'units': 22, 'activation': 'softmax', 'use_bias': True, 'kernel_initializer': {'module': 'keras.initializers', 'class_name': 'GlorotUniform', 'config': {'seed': None}, 'registered_name': None}, 'bias_initializer': {'module': 'keras.initializers', 'class_name': 'Zeros', 'config': {}, 'registered_name': None}, 'kernel_regularizer': None, 'bias_regularizer': None, 'kernel_constraint': None, 'bias_constraint': None}, 'registered_name': None, 'build_config': {'input_shape': (None, 32)}}], 'build_input_shape': (None, 45)}",1,9,0.8842569589614868,0.6730014681816101,0.2449602335691452,0.8611111044883728,0.5039071440696716,0.5769034624099731,500,256,10,32,False,False,False,,accuracy,macro,True,False,5
BidirectionalGRU,"{'name': 'sequential_1', 'trainable': True, 'dtype': 'float32', 'layers': [{'module': 'keras.layers', 'class_name': 'InputLayer', 'config': {'batch_shape': (None, 45), 'dtype': 'float32', 'sparse': False, 'name': 'input_layer'}, 'registered_name': None}, {'module': 'keras.layers', 'class_name': 'Embedding', 'config': {'name': 'embedding', 'trainable': True, 'dtype': 'float32', 'input_dim': 501, 'output_dim': 256, 'embeddings_initializer': {'module': 'keras.initializers', 'class_name': 'RandomUniform', 'config': {'minval': -0.05, 'maxval': 0.05, 'seed': None}, 'registered_name': None}, 'embeddings_regularizer': None, 'activity_regularizer': None, 'embeddings_constraint': None, 'mask_zero': False}, 'registered_name': None, 'build_config': {'input_shape': (None, 45)}}, {'module': 'keras.layers', 'class_name': 'Bidirectional', 'config': {'name': 'bidirectional', 'trainable': True, 'dtype': 'float32', 'layer': {'module': 'keras.layers', 'class_name': 'GRU', 'config': {'name': 'forward_gru', 'trainable': True, 'dtype': 'float32', 'return_sequences': True, 'return_state': False, 'go_backwards': False, 'stateful': False, 'unroll': False, 'zero_output_for_mask': True, 'units': 16, 'activation': 'tanh', 'recurrent_activation': 'sigmoid', 'use_bias': True, 'kernel_initializer': {'module': 'keras.initializers', 'class_name': 'GlorotUniform', 'config': {'seed': None}, 'registered_name': None}, 'recurrent_initializer': {'module': 'keras.initializers', 'class_name': 'OrthogonalInitializer', 'config': {'gain': 1.0, 'seed': None}, 'registered_name': None}, 'bias_initializer': {'module': 'keras.initializers', 'class_name': 'Zeros', 'config': {}, 'registered_name': None}, 'kernel_regularizer': None, 'recurrent_regularizer': None, 'bias_regularizer': None, 'activity_regularizer': None, 'kernel_constraint': None, 'recurrent_constraint': None, 'bias_constraint': None, 'dropout': 0.0, 'recurrent_dropout': 0.0, 'reset_after': True, 'seed': None}, 'registered_name': None, 'build_config': {'input_shape': (None, 45, 256)}}, 'merge_mode': 'concat', 'backward_layer': {'module': 'keras.layers', 'class_name': 'GRU', 'config': {'name': 'backward_gru', 'trainable': True, 'dtype': 'float32', 'return_sequences': True, 'return_state': False, 'go_backwards': True, 'stateful': False, 'unroll': False, 'zero_output_for_mask': True, 'units': 16, 'activation': 'tanh', 'recurrent_activation': 'sigmoid', 'use_bias': True, 'kernel_initializer': {'module': 'keras.initializers', 'class_name': 'GlorotUniform', 'config': {'seed': None}, 'registered_name': None}, 'recurrent_initializer': {'module': 'keras.initializers', 'class_name': 'OrthogonalInitializer', 'config': {'gain': 1.0, 'seed': None}, 'registered_name': None}, 'bias_initializer': {'module': 'keras.initializers', 'class_name': 'Zeros', 'config': {}, 'registered_name': None}, 'kernel_regularizer': None, 'recurrent_regularizer': None, 'bias_regularizer': None, 'activity_regularizer': None, 'kernel_constraint': None, 'recurrent_constraint': None, 'bias_constraint': None, 'dropout': 0.0, 'recurrent_dropout': 0.0, 'reset_after': True, 'seed': None}, 'registered_name': None, 'build_config': {'input_shape': (None, 45, 256)}}}, 'registered_name': None, 'build_config': {'input_shape': (None, 45, 256)}}, {'module': 'keras.layers', 'class_name': 'GlobalMaxPooling1D', 'config': {'name': 'global_max_pooling1d', 'trainable': True, 'dtype': 'float32', 'data_format': 'channels_last', 'keepdims': False}, 'registered_name': None, 'build_config': {'input_shape': (None, 45, 32)}}, {'module': 'keras.layers', 'class_name': 'Dense', 'config': {'name': 'dense', 'trainable': True, 'dtype': 'float32', 'units': 22, 'activation': 'softmax', 'use_bias': True, 'kernel_initializer': {'module': 'keras.initializers', 'class_name': 'GlorotUniform', 'config': {'seed': None}, 'registered_name': None}, 'bias_initializer': {'module': 'keras.initializers', 'class_name': 'Zeros', 'config': {}, 'registered_name': None}, 'kernel_regularizer': None, 'bias_regularizer': None, 'kernel_constraint': None, 'bias_constraint': None}, 'registered_name': None, 'build_config': {'input_shape': (None, 32)}}], 'build_input_shape': (None, 45)}",1,10,0.8982344269752502,0.6973260045051575,0.1998208910226822,0.8711110949516296,0.5009706616401672,0.5415554642677307,500,256,10,32,False,False,False,,accuracy,macro,True,False,5
